# timestamp_ns, tran_x, tran_y, tran_z, quat_x, quat_y, quat_z, quat_w, scale, fusion_quality, v3
1585225975589003008,-0.249836,0.137073,0.070475,0.003958,0.717722,-0.695972,0.021955,1.013313,2
1585225975622003200,-0.250100,0.137368,0.070434,0.003961,0.717722,-0.695972,0.021960,1.013313,2
1585225975688003328,-0.250064,0.137374,0.070541,0.003963,0.717724,-0.695970,0.021959,1.013313,2
1585225975721003520,-0.250130,0.137392,0.070514,0.003960,0.717724,-0.695970,0.021958,1.013313,2
1585225975754003456,-0.250576,0.138029,0.070638,0.003959,0.717721,-0.695973,0.021956,1.013313,2
1585225975787003648,-0.250180,0.137350,0.070421,0.003954,0.717723,-0.695971,0.021956,1.013313,2
1585225975820003584,-0.250044,0.137298,0.070446,0.003955,0.717719,-0.695975,0.021955,1.013313,2
1585225976315004928,-0.250211,0.137090,0.070388,0.003961,0.717729,-0.695965,0.021966,1.013313,2
1585225976480005376,-0.250335,0.137316,0.070255,0.004014,0.717599,-0.696097,0.022020,1.013313,2
1585225976579005440,-0.250463,0.137201,0.069605,0.004015,0.717246,-0.696460,0.022025,1.013313,2
1585225977008006400,-0.248054,0.075578,0.069139,0.003949,0.716385,-0.697355,0.021742,1.013313,2
1585225977140006912,-0.247425,0.031360,0.068873,0.004084,0.716031,-0.697716,0.021801,1.013313,2
1585225977305007104,-0.245786,-0.047736,0.070362,0.004063,0.715697,-0.698054,0.021938,1.013313,2
1585225977437007616,-0.242974,-0.131666,0.072388,0.004075,0.715506,-0.698250,0.021952,1.013313,2
1585225977569007872,-0.240171,-0.235704,0.074600,0.004130,0.715255,-0.698506,0.021966,1.013313,2
1585225977734008320,-0.235796,-0.398335,0.077663,0.004177,0.715026,-0.698742,0.021911,1.013313,2
1585225977998008832,-0.228048,-0.736010,0.084447,0.004415,0.714617,-0.699185,0.021052,1.013313,2
1585225978262009600,-0.233395,-1.162729,0.092905,0.006276,0.714660,-0.699187,0.018956,1.013313,2
1585225978592010240,-0.231560,-1.818136,0.104490,0.009969,0.714524,-0.699337,0.016837,1.013313,2
1585225978889010944,-0.230274,-2.512878,0.117250,0.011462,0.714146,-0.699753,0.014526,1.013313,2
1585225979120011520,-0.227617,-3.116649,0.132306,0.011210,0.713286,-0.700681,0.012015,1.013313,2
1585225979384012288,-0.225112,-3.861764,0.150406,0.010956,0.712488,-0.701541,0.008975,1.013313,2
1585225979615012864,-0.225421,-4.573213,0.166325,0.011167,0.711308,-0.702757,0.007014,1.013313,2
1585225979846013184,-0.233551,-5.346232,0.187476,0.011483,0.710284,-0.703803,0.005083,1.013313,2
1585225980044013824,-0.224004,-6.020486,0.207205,0.009803,0.710187,-0.703944,0.001142,1.013313,2
1585225980275014400,-0.225636,-6.858112,0.237270,0.008443,0.709268,-0.704886,-0.001775,1.013313,2
1585225980473014784,-0.234329,-7.612752,0.264065,0.007675,0.708362,-0.705807,-0.001029,1.013313,2
1585225980671015168,-0.235059,-8.418558,0.290671,0.004885,0.708549,-0.705643,0.001774,1.013313,2
1585225980869015808,-0.203948,-9.238348,0.319610,-0.003097,0.708341,-0.705845,0.005149,1.013313,2
1585225981067016192,-0.153023,-10.132456,0.355312,-0.013358,0.709387,-0.704579,0.012614,1.013313,2
1585225981265016576,-0.076667,-11.069673,0.382063,-0.024747,0.709828,-0.703476,0.025551,1.013313,2
1585225981430017024,0.025455,-11.910899,0.402259,-0.035952,0.711597,-0.700671,0.037390,1.013313,2
1585225981595017472,0.162336,-12.758997,0.418291,-0.049036,0.715456,-0.695181,0.049414,1.013313,2
1585225981727017728,0.309280,-13.475679,0.430746,-0.061185,0.717081,-0.691793,0.058947,1.013313,2
1585225981859017984,0.486794,-14.189417,0.435024,-0.075289,0.717788,-0.688809,0.068221,1.013313,2
1585225981991018496,0.684922,-14.947403,0.435207,-0.088009,0.717114,-0.686525,0.081764,1.013313,2
1585225982123018752,0.904986,-15.656700,0.431487,-0.099199,0.714750,-0.685409,0.097505,1.013313,2
1585225982255019008,1.166365,-16.406749,0.436544,-0.111613,0.711485,-0.684528,0.112929,1.013313,2
1585225982387019264,1.484916,-17.149135,0.440107,-0.128955,0.705604,-0.685542,0.124604,1.013313,2
1585225982519019776,1.843939,-17.899602,0.440736,-0.145909,0.700037,-0.685419,0.137331,1.013313,2
1585225982618019840,2.133657,-18.483888,0.444811,-0.157992,0.697826,-0.682545,0.149029,1.013313,2
1585225982717020160,2.435576,-19.067973,0.456639,-0.167949,0.697435,-0.677421,0.162724,1.013313,2
1585225982816020480,2.763531,-19.639774,0.470314,-0.178000,0.697035,-0.672188,0.174991,1.013313,2
1585225982915020544,3.119802,-20.207965,0.479170,-0.188203,0.695354,-0.667983,0.186714,1.013313,2
1585225983014020864,3.496650,-20.775276,0.483759,-0.198645,0.692375,-0.664676,0.198400,1.013313,2
1585225983113021184,3.891849,-21.329301,0.484299,-0.208390,0.688862,-0.661769,0.210011,1.013313,2
1585225983212021248,4.307373,-21.886611,0.487707,-0.217204,0.686216,-0.657772,0.221962,1.013313,2
1585225983311021568,4.738852,-22.456653,0.496493,-0.225352,0.684056,-0.653317,0.233368,1.013313,2
1585225983443021824,5.341175,-23.153869,0.500967,-0.235741,0.680826,-0.648029,0.246902,1.013313,2
1585225983575022080,5.973404,-23.856992,0.503526,-0.245793,0.677474,-0.643426,0.258103,1.013313,2
1585225983707022592,6.633711,-24.566205,0.510557,-0.254983,0.674967,-0.639086,0.266406,1.013313,2
1585225983839022848,7.316146,-25.248337,0.515918,-0.263109,0.673102,-0.635294,0.272230,1.013313,2
1585225983971023104,8.014305,-25.924847,0.516804,-0.268908,0.671214,-0.632741,0.277127,1.013313,2
1585225984103023360,8.730907,-26.609792,0.515401,-0.272892,0.669747,-0.630886,0.280984,1.013313,2
1585225984235023872,9.446215,-27.287251,0.514468,-0.275208,0.668680,-0.629546,0.284253,1.013313,2
1585225984334023936,9.991189,-27.801699,0.516093,-0.276051,0.668124,-0.628744,0.286507,1.013313,2
1585225984433024256,10.538286,-28.305276,0.516291,-0.276951,0.667542,-0.628332,0.287897,1.013313,2
1585225984532024576,11.098387,-28.827939,0.517874,-0.277381,0.667033,-0.628090,0.289190,1.013313,2
1585225984631024640,11.652197,-29.344136,0.519227,-0.277528,0.666733,-0.627779,0.290412,1.013313,2
1585225984730024960,12.205545,-29.853358,0.522385,-0.277383,0.666494,-0.627481,0.291739,1.013313,2
1585225984829025280,12.762860,-30.367362,0.526060,-0.277300,0.666159,-0.627436,0.292680,1.013313,2
1585225984961025536,13.522136,-31.065014,0.530954,-0.277555,0.665706,-0.627571,0.293178,1.013313,2
1585225985060025856,14.094292,-31.586872,0.535928,-0.278252,0.665651,-0.627486,0.292825,1.013313,2
1585225985159025920,14.663636,-32.109741,0.539761,-0.277796,0.666403,-0.626557,0.293534,1.013313,2
1585225985258026240,15.232429,-32.634999,0.543236,-0.277410,0.666285,-0.626485,0.294319,1.013313,2
1585225985357026560,15.806522,-33.162580,0.548203,-0.277246,0.666761,-0.625835,0.294780,1.013313,2
1585225985456026624,16.371896,-33.669953,0.553461,-0.277078,0.665209,-0.627358,0.295207,1.013313,2
1585225985555026944,16.943523,-34.203264,0.560062,-0.275430,0.665198,-0.627241,0.297018,1.013313,2
1585225985654027264,17.514282,-34.731519,0.564941,-0.274264,0.665120,-0.627265,0.298217,1.013313,2
1585225985753027328,18.094094,-35.263729,0.571052,-0.273903,0.666324,-0.626035,0.298444,1.013313,2
1585225985852027648,18.677323,-35.791281,0.576963,-0.275211,0.666973,-0.625445,0.297025,1.013313,2
1585225985951027968,19.270245,-36.322567,0.578007,-0.277516,0.668198,-0.624392,0.294332,1.013313,2
1585225986050028032,19.858691,-36.856879,0.578031,-0.277378,0.668801,-0.624359,0.293161,1.013313,2
1585225986149028352,20.459122,-37.421761,0.582302,-0.276005,0.668793,-0.625144,0.292799,1.013313,2
1585225986248028672,21.039094,-37.961686,0.580036,-0.274186,0.667074,-0.628159,0.291977,1.013313,2
1585225986347028736,21.614456,-38.492711,0.579924,-0.272840,0.665743,-0.630801,0.290576,1.013313,2
1585225986446029056,22.204421,-39.045107,0.587888,-0.272035,0.666090,-0.631588,0.288820,1.013313,2
1585225986545029376,22.778609,-39.599730,0.595838,-0.270696,0.668057,-0.630838,0.287171,1.013313,2
1585225986644029440,23.365328,-40.174173,0.603016,-0.268744,0.669939,-0.630489,0.285382,1.013313,2
1585225986743029760,23.936571,-40.732458,0.609435,-0.266635,0.670870,-0.631215,0.283560,1.013313,2
1585225986842030080,24.506326,-41.296702,0.612826,-0.264621,0.670749,-0.632985,0.281782,1.013313,2
1585225986941030144,25.081712,-41.872958,0.614649,-0.262670,0.670482,-0.634867,0.280004,1.013313,2
1585225987040030464,25.652308,-42.450422,0.618223,-0.260590,0.671261,-0.635601,0.278411,1.013313,2
1585225987139030784,26.214735,-43.029750,0.623172,-0.258769,0.672648,-0.635743,0.276432,1.013313,2
1585225987238030848,26.790604,-43.626817,0.629614,-0.257083,0.674205,-0.635710,0.274279,1.013313,2
1585225987337031168,27.354614,-44.214040,0.634932,-0.255485,0.675169,-0.636296,0.272033,1.013313,2
1585225987469031424,28.110706,-45.016408,0.639419,-0.252928,0.675637,-0.637882,0.269535,1.013313,2
1585225987568031744,28.683929,-45.637294,0.643046,-0.250696,0.675901,-0.639132,0.267993,1.013313,2
1585225987667032064,29.279803,-46.293738,0.647657,-0.248326,0.676615,-0.639911,0.266533,1.013313,2
1585225987766032128,29.813099,-46.882382,0.651496,-0.246636,0.677578,-0.640461,0.264327,1.013313,2
1585225987865032448,30.370722,-47.505044,0.657289,-0.245034,0.678724,-0.640677,0.262346,1.013313,2
1585225987964032768,30.927931,-48.135458,0.661214,-0.243319,0.679645,-0.640896,0.261019,1.013313,2
1585225988063032832,31.488074,-48.773152,0.663334,-0.241584,0.680628,-0.640913,0.260027,1.013313,2
1585225988162033152,32.057730,-49.428900,0.662583,-0.239783,0.681937,-0.640554,0.259147,1.013313,2
1585225988261033472,32.639717,-50.102937,0.663762,-0.238479,0.682994,-0.640443,0.257838,1.013313,2
1585225988360033536,33.200679,-50.753775,0.665505,-0.237330,0.683740,-0.640626,0.256462,1.013313,2
1585225988459033856,33.755278,-51.406367,0.664673,-0.235503,0.683956,-0.641303,0.255877,1.013313,2
1585225988558034176,34.289636,-52.042176,0.663755,-0.233613,0.683532,-0.642600,0.255488,1.013313,2
1585225988657034240,34.863836,-52.726222,0.665182,-0.232020,0.682761,-0.644124,0.255165,1.013313,2
1585225988756034560,35.416239,-53.378940,0.674115,-0.231125,0.681933,-0.645467,0.254796,1.013313,2
1585225988855034880,35.980579,-54.051242,0.682806,-0.230787,0.681369,-0.646349,0.254375,1.013313,2
1585225988954034944,36.544166,-54.726843,0.686620,-0.230404,0.681841,-0.646229,0.253762,1.013313,2
1585225989053035264,37.121195,-55.416950,0.697412,-0.230110,0.682954,-0.645493,0.252909,1.013313,2
1585225989152035584,37.682878,-56.096775,0.703752,-0.229451,0.684297,-0.644495,0.252420,1.013313,2
1585225989251035648,38.246430,-56.784881,0.707497,-0.228203,0.685275,-0.643807,0.252651,1.013313,2
1585225989350035968,38.810269,-57.468275,0.708715,-0.227923,0.685164,-0.644128,0.252389,1.013313,2
1585225989449036288,39.382035,-58.161514,0.711235,-0.227661,0.684533,-0.644750,0.252749,1.013313,2
1585225989548036352,39.964323,-58.861898,0.715496,-0.227878,0.683844,-0.645233,0.253185,1.013313,2
1585225989647036672,40.522386,-59.534530,0.718470,-0.228259,0.683009,-0.646041,0.253039,1.013313,2
1585225989746036992,41.108534,-60.233503,0.727506,-0.228809,0.682181,-0.646926,0.252511,1.013313,2
1585225989845037056,41.697362,-60.934649,0.736757,-0.229119,0.681177,-0.647918,0.252397,1.013313,2
1585225989944037376,42.275260,-61.623121,0.748699,-0.229834,0.681044,-0.647877,0.252212,1.013313,2
1585225990043037696,42.866394,-62.329412,0.761025,-0.230522,0.681522,-0.647241,0.251925,1.013313,2
1585225990142037760,43.452224,-63.030494,0.772926,-0.231344,0.682018,-0.646668,0.251299,1.013313,2
1585225990274038272,44.229565,-63.957819,0.787496,-0.231455,0.681875,-0.646983,0.250776,1.013313,2
1585225990406038528,45.033229,-64.917152,0.801000,-0.231453,0.681696,-0.647761,0.249250,1.013313,2
1585225990538038784,45.805375,-65.849260,0.814333,-0.231106,0.682585,-0.647899,0.246770,1.013313,2
1585225990703039232,46.796827,-67.065955,0.831917,-0.229543,0.683392,-0.648342,0.244824,1.013313,2
1585225990835039488,47.569584,-68.028811,0.839680,-0.227543,0.683767,-0.649077,0.243693,1.013313,2
1585225990967039744,48.359031,-69.006329,0.849867,-0.227344,0.683200,-0.650832,0.240770,1.013313,2
1585225991099040256,49.130542,-69.967786,0.857245,-0.227471,0.682922,-0.652148,0.237860,1.013313,2
1585225991198040320,49.711274,-70.707561,0.862056,-0.226639,0.684453,-0.651270,0.236657,1.013313,2
1585225991297040640,50.282478,-71.439138,0.870094,-0.226265,0.686293,-0.650216,0.234577,1.013313,2
1585225991396040960,50.870555,-72.191572,0.875025,-0.225634,0.687714,-0.649767,0.232254,1.013313,2
1585225991495041024,51.435277,-72.918489,0.876231,-0.225130,0.687356,-0.651158,0.229894,1.013313,2
1585225991594041344,51.986497,-73.633319,0.876970,-0.224973,0.686390,-0.653153,0.227261,1.013313,2
1585225991693041664,52.548851,-74.366389,0.879276,-0.224374,0.685995,-0.654550,0.225014,1.013313,2
1585225991792041728,53.105304,-75.102489,0.881548,-0.224581,0.686678,-0.654877,0.221749,1.013313,2
1585225991891042048,53.703390,-75.885105,0.899473,-0.225217,0.687633,-0.655022,0.217679,1.013313,2
1585225991990042368,54.222679,-76.582280,0.900981,-0.224882,0.687338,-0.656433,0.214686,1.013313,2
1585225992089042432,54.762947,-77.321157,0.909230,-0.222846,0.685925,-0.658940,0.213644,1.013313,2
1585225992221042944,55.464416,-78.305658,0.922031,-0.219617,0.685596,-0.660599,0.212921,1.013313,2
1585225992353043200,56.145162,-79.271169,0.940803,-0.217765,0.688784,-0.658550,0.210870,1.013313,2
1585225992452043264,56.657313,-80.001131,0.957189,-0.216993,0.691624,-0.656457,0.208890,1.013313,2
1585225992584043776,57.323898,-80.964555,0.967115,-0.215622,0.693449,-0.655623,0.206868,1.013313,2
1585225992716044032,57.931748,-81.846513,0.969363,-0.214097,0.693696,-0.656193,0.205814,1.013313,2
1585225992848044288,58.528296,-82.722077,0.974691,-0.213163,0.693329,-0.656922,0.205693,1.013313,2
1585225992980044544,59.115459,-83.585374,0.980681,-0.212568,0.693164,-0.657196,0.205991,1.013313,2
1585225993112045056,59.684436,-84.418653,0.986824,-0.212440,0.693581,-0.656525,0.206858,1.013313,2
1585225993277045248,60.376390,-85.423473,0.995541,-0.213020,0.694112,-0.654989,0.209332,1.013313,2
1585225993409045760,60.915689,-86.188015,0.997411,-0.214964,0.693791,-0.653637,0.212611,1.013313,2
1585225993541046016,61.450127,-86.916020,1.002338,-0.219235,0.692552,-0.651956,0.217399,1.013313,2
1585225993706046464,62.114638,-87.774805,1.006961,-0.227160,0.689042,-0.650094,0.225827,1.013313,2
1585225993838046720,62.650444,-88.421236,1.005763,-0.235416,0.684348,-0.649117,0.234292,1.013313,2
1585225993970046976,63.209353,-89.038974,1.003348,-0.247367,0.680799,-0.645932,0.241027,1.013313,2
1585225994102047232,63.782970,-89.637497,1.002785,-0.260039,0.678681,-0.640392,0.248334,1.013313,2
1585225994234047744,64.371097,-90.236618,1.004420,-0.269770,0.675492,-0.635619,0.258695,1.013313,2
1585225994366048000,64.965771,-90.790537,0.999678,-0.279678,0.669190,-0.633807,0.268800,1.013313,2
1585225994498048256,65.590297,-91.332155,0.994626,-0.290740,0.661270,-0.632196,0.280215,1.013313,2
1585225994630048512,66.256873,-91.890020,0.995745,-0.303099,0.655326,-0.626601,0.293343,1.013313,2
1585225994762049024,66.867720,-92.328161,1.003238,-0.315691,0.650793,-0.618622,0.306783,1.013313,2
1585225994894049280,67.537179,-92.779372,1.006980,-0.329307,0.644861,-0.611523,0.318985,1.013313,2
1585225995026049536,68.235322,-93.203973,1.002725,-0.343958,0.637847,-0.605366,0.329206,1.013313,2
1585225995158049792,68.945283,-93.595453,0.995318,-0.358103,0.631395,-0.599124,0.337866,1.013313,2
1585225995290050048,69.714660,-94.036474,0.990877,-0.369959,0.627326,-0.590763,0.347264,1.013313,2
1585225995422050560,70.415669,-94.360127,0.980598,-0.380615,0.623337,-0.582371,0.356969,1.013313,2
1585225995554050816,71.155878,-94.694171,0.966748,-0.391466,0.618001,-0.574852,0.366570,1.013313,2
1585225995686051072,71.910211,-95.002446,0.953361,-0.400973,0.611045,-0.568834,0.377192,1.013313,2
1585225995818051328,72.689379,-95.294653,0.938532,-0.410273,0.602567,-0.563792,0.388236,1.013313,2
1585225995950051840,73.450734,-95.539153,0.928604,-0.419536,0.592514,-0.559340,0.400069,1.013313,2
1585225996082052096,74.231640,-95.755638,0.920303,-0.429869,0.582845,-0.553532,0.411226,1.013313,2
1585225996181052160,74.832071,-95.904351,0.916288,-0.438481,0.576496,-0.547628,0.418916,1.013313,2
1585225996313052672,75.642467,-96.071777,0.918087,-0.449700,0.568279,-0.539105,0.429179,1.013313,2
1585225996445052928,76.461220,-96.200468,0.919375,-0.461449,0.560140,-0.529845,0.438831,1.013313,2
1585225996577053184,77.284458,-96.314753,0.905047,-0.471460,0.551211,-0.520639,0.450364,1.013313,2
1585225996709053440,78.096608,-96.386883,0.897114,-0.481457,0.539612,-0.512678,0.462795,1.013313,2
1585225996841053952,78.912265,-96.404312,0.891459,-0.492843,0.527788,-0.503624,0.474245,1.013313,2
1585225996973054208,79.741726,-96.408348,0.879851,-0.504138,0.516667,-0.492784,0.485864,1.013313,2
1585225997072054528,80.380908,-96.390034,0.881437,0.513113,-0.509391,0.483488,-0.493432,1.013313,2
1585225997171054592,81.018644,-96.340815,0.890924,-0.522262,0.501444,-0.474873,0.500292,1.013313,2
1585225997303054848,81.860831,-96.230143,0.903913,-0.533146,0.489753,-0.463893,0.510588,1.013313,2
1585225997435055360,82.708968,-96.101089,0.911292,-0.542448,0.477613,-0.453312,0.521675,1.013313,2
1585225997567055616,83.554645,-95.940073,0.911916,-0.552428,0.465100,-0.444154,0.530313,1.013313,2
1585225997699055872,84.394436,-95.723765,0.903303,-0.562555,0.452321,-0.435726,0.537662,1.013313,2
1585225997831056128,85.234622,-95.479636,0.905776,-0.571393,0.442206,-0.425294,0.545058,1.013313,2
1585225997963056640,86.072043,-95.210376,0.914461,-0.578998,0.431783,-0.416576,0.552078,1.013313,2
1585225998095056896,86.925727,-94.906614,0.919510,-0.586544,0.421066,-0.409856,0.557394,1.013313,2
1585225998227057152,87.778731,-94.592192,0.909767,-0.592602,0.411469,-0.404528,0.562026,1.013313,2
1585225998359057408,88.627858,-94.255063,0.906743,-0.596715,0.405091,-0.399030,0.566222,1.013313,2
1585225998524057856,89.713772,-93.811013,0.917437,-0.599967,0.400006,-0.392203,0.571149,1.013313,2
1585225998689058304,90.800070,-93.358388,0.905279,-0.605096,0.395434,-0.384980,0.573831,1.013313,2
1585225998821058560,91.664325,-92.961693,0.900846,-0.609646,0.391305,-0.379814,0.575286,1.013313,2
1585225998953058816,92.533322,-92.549304,0.905171,-0.611734,0.387707,-0.374928,0.578700,1.013313,2
1585225999085059072,93.420556,-92.141522,0.919147,-0.612132,0.385008,-0.370160,0.583134,1.013313,2
1585225999217059584,94.297886,-91.709212,0.930202,-0.613536,0.382010,-0.366382,0.586009,1.013313,2
1585225999349059840,95.187953,-91.260143,0.934435,-0.616379,0.379601,-0.362069,0.587271,1.013313,2
1585225999481060096,96.087067,-90.815693,0.935425,-0.617710,0.377891,-0.357347,0.589861,1.013313,2
1585225999613060352,96.942972,-90.348495,0.929924,-0.618146,0.375671,-0.353488,0.593139,1.013313,2
1585225999745060608,97.824549,-89.873956,0.925275,-0.619942,0.372396,-0.351449,0.594539,1.013313,2
1585225999844060928,98.471186,-89.505005,0.923445,-0.621610,0.370421,-0.349591,0.595127,1.013313,2
1585225999976061184,99.347361,-89.004305,0.922165,-0.624520,0.369658,-0.344931,0.595274,1.013313,2
1585226000108061440,100.225027,-88.510388,0.920485,-0.625940,0.368741,-0.340714,0.596777,1.013313,2
1585226000240061952,101.103208,-87.999546,0.917495,-0.626509,0.366721,-0.338229,0.598834,1.013313,2
1585226000372062208,101.959508,-87.491588,0.911630,-0.626733,0.364081,-0.336939,0.600935,1.013313,2
1585226000504062464,102.775609,-86.987166,0.907651,-0.627661,0.362360,-0.334868,0.602163,1.013313,2
1585226000636062720,103.647014,-86.471438,0.907924,-0.628783,0.360745,-0.332703,0.603161,1.013313,2
1585226000768063232,104.480008,-85.951607,0.906580,-0.630374,0.358711,-0.331291,0.603491,1.013313,2
1585226000900063488,105.294775,-85.429463,0.900340,-0.631968,0.356159,-0.330781,0.603615,1.013313,2
1585226001032063744,106.110119,-84.908348,0.895792,-0.633765,0.354073,-0.330478,0.603124,1.013313,2
1585226001131064064,106.715141,-84.516487,0.892533,-0.635029,0.352989,-0.330187,0.602589,1.013313,2
1585226001230064128,107.315502,-84.125230,0.888896,-0.635995,0.351567,-0.330393,0.602288,1.013313,2
1585226001329064448,107.928467,-83.731290,0.884743,-0.635824,0.351021,-0.330148,0.602922,1.013313,2
1585226001428064768,108.544274,-83.329204,0.879864,-0.636787,0.348859,-0.331602,0.602362,1.013313,2
1585226001527064832,109.142264,-82.938957,0.877099,-0.637174,0.347680,-0.332694,0.602032,1.013313,2
1585226001626065152,109.751822,-82.555921,0.873724,-0.636283,0.347445,-0.333522,0.602651,1.013313,2
1585226001758065408,110.534150,-82.054363,0.878033,-0.635028,0.347453,-0.334991,0.603155,1.013313,2
1585226001890065664,111.319594,-81.550546,0.875057,-0.634484,0.347177,-0.338800,0.601758,1.013313,2
1585226002022066176,112.110298,-81.055650,0.877548,-0.635068,0.348499,-0.340629,0.599340,1.013313,2
1585226002154066432,112.913924,-80.576471,0.881380,-0.634448,0.351893,-0.340965,0.597821,1.013313,2
1585226002253066752,113.531593,-80.212753,0.877312,-0.633236,0.353562,-0.343215,0.596832,1.013313,2
1585226002385067008,114.292212,-79.752716,0.875666,-0.632408,0.354997,-0.346735,0.594822,1.013313,2
1585226002484067328,114.877722,-79.409105,0.873134,-0.631972,0.356132,-0.348275,0.593705,1.013313,2
1585226002583067392,115.465875,-79.072012,0.873158,-0.631935,0.358183,-0.348593,0.592323,1.013313,2
1585226002682067712,116.056806,-78.736411,0.872753,-0.631711,0.359718,-0.349407,0.591151,1.013313,2
1585226002781068032,116.625206,-78.412222,0.871904,-0.631661,0.360458,-0.350740,0.589963,1.013313,2
1585226002880068096,117.185693,-78.090927,0.868969,-0.631708,0.360519,-0.352356,0.588911,1.013313,2
1585226002979068416,117.733862,-77.778124,0.866615,-0.631701,0.360285,-0.354011,0.588069,1.013313,2
1585226003078068736,118.281312,-77.466635,0.862928,-0.631954,0.359944,-0.355708,0.586981,1.013313,2
1585226003177068800,118.820855,-77.171522,0.861363,-0.631361,0.362076,-0.355085,0.586685,1.013313,2
1585226003276069120,119.343378,-76.884998,0.859892,-0.630718,0.362813,-0.356021,0.586355,1.013313,2
1585226003375069440,119.850267,-76.606603,0.854989,-0.629860,0.362894,-0.357494,0.586330,1.013313,2
1585226003474069504,120.373631,-76.316752,0.856762,-0.627853,0.362629,-0.359529,0.587401,1.013313,2
1585226003573069824,120.878427,-76.040911,0.855406,-0.625761,0.362339,-0.361752,0.588446,1.013313,2
1585226003672070144,121.389471,-75.777608,0.857141,-0.623977,0.364324,-0.360620,0.589809,1.013313,2
1585226003771070208,121.895343,-75.512698,0.859282,-0.623836,0.365692,-0.360402,0.589244,1.013313,2
1585226003903070720,122.568002,-75.147847,0.858138,-0.624644,0.366828,-0.361334,0.587108,1.013313,2
1585226004035070976,123.245546,-74.778082,0.855847,-0.627216,0.366791,-0.362394,0.583725,1.013313,2
1585226004134071040,123.762503,-74.507418,0.850130,-0.627003,0.367476,-0.362675,0.583348,1.013313,2
1585226004233071360,124.252145,-74.251666,0.852481,-0.625517,0.368654,-0.363276,0.583827,1.013313,2
1585226004332071680,124.772631,-73.988702,0.851066,-0.623433,0.370036,-0.364112,0.584659,1.013313,2
1585226004431071744,125.289738,-73.727383,0.847605,-0.621459,0.370662,-0.365662,0.585397,1.013313,2
1585226004563072256,125.984725,-73.373883,0.842271,-0.619621,0.371642,-0.367866,0.585344,1.013313,2
1585226004695072512,126.701428,-73.015862,0.840665,-0.619669,0.373939,-0.368359,0.583517,1.013313,2
1585226004827072768,127.431511,-72.668573,0.839068,-0.619285,0.378266,-0.366025,0.582603,1.013313,2
1585226004959073024,128.163874,-72.312311,0.836319,-0.619324,0.380373,-0.365014,0.581824,1.013313,2
1585226005091073536,128.886462,-71.951834,0.833606,-0.618963,0.379701,-0.365506,0.582337,1.013313,2
1585226005223073792,129.608998,-71.588363,0.828992,-0.617863,0.378387,-0.365695,0.584239,1.013313,2
1585226005355074048,130.322603,-71.223173,0.823956,-0.617095,0.375676,-0.367579,0.585617,1.013313,2
1585226005487074304,131.053096,-70.848547,0.820627,-0.617599,0.373677,-0.369755,0.584994,1.013313,2
1585226005619074816,131.777265,-70.478326,0.824207,-0.618408,0.374163,-0.370701,0.583228,1.013313,2
1585226005751075072,132.527649,-70.112830,0.825659,-0.617810,0.376423,-0.372043,0.581551,1.013313,2
1585226005883075328,133.276199,-69.758581,0.825629,-0.617119,0.379991,-0.374664,0.578272,1.013313,2
1585226006015075584,134.014779,-69.408627,0.822981,-0.616151,0.382192,-0.381306,0.573491,1.013313,2
1585226006147075840,134.745082,-69.092177,0.822913,-0.611905,0.386860,-0.387962,0.570436,1.013313,2
1585226006246076160,135.329430,-68.865749,0.824851,-0.607145,0.392809,-0.391847,0.568799,1.013313,2
1585226006378076416,136.093727,-68.591159,0.824406,-0.600120,0.400983,-0.398934,0.565615,1.013313,2
1585226006510076928,136.861695,-68.329188,0.823968,-0.594678,0.409433,-0.406137,0.560157,1.013313,2
1585226006642077184,137.648890,-68.083064,0.829745,-0.590001,0.417710,-0.411268,0.555225,1.013313,2
1585226006774077440,138.440261,-67.862954,0.836789,-0.584256,0.425841,-0.414530,0.552692,1.013313,2
1585226006906077696,139.271451,-67.642152,0.838277,-0.579073,0.431354,-0.417436,0.551683,1.013313,2
1585226007038078208,140.037442,-67.438142,0.838093,-0.575739,0.434341,-0.418537,0.551996,1.013313,2
1585226007203078400,141.061493,-67.161058,0.847411,-0.574026,0.435232,-0.417258,0.554042,1.013313,2
1585226007368078848,142.112615,-66.857804,0.854336,-0.574148,0.433034,-0.415306,0.557097,1.013313,2
1585226007533079296,143.217477,-66.514874,0.860367,-0.576899,0.429645,-0.411382,0.559783,1.013313,2
1585226007698079744,144.268226,-66.175027,0.869808,-0.581357,0.426420,-0.405202,0.562141,1.013313,2
1585226007863079936,145.363998,-65.789878,0.875017,-0.585603,0.420715,-0.401245,0.564863,1.013313,2
1585226008028080384,146.460483,-65.389016,0.875355,-0.589363,0.416150,-0.397101,0.567258,1.013313,2
1585226008160080640,147.385120,-65.044916,0.873591,-0.592763,0.414937,-0.392004,0.568148,1.013313,2
1585226008292081152,148.300420,-64.687320,0.869125,-0.596889,0.414298,-0.386532,0.568044,1.013313,2
1585226008424081408,149.234933,-64.323893,0.863859,-0.599373,0.413247,-0.381484,0.569604,1.013313,2
1585226008556081664,150.157055,-63.949179,0.847804,-0.600000,0.411245,-0.377326,0.573152,1.013313,2
1585226008655081984,150.859789,-63.661672,0.835376,-0.600074,0.410156,-0.374379,0.575780,1.013313,2
1585226008754082304,151.578341,-63.363147,0.825060,-0.600695,0.409059,-0.371672,0.577664,1.013313,2
1585226008886082560,152.531748,-62.956733,0.811268,-0.602416,0.408902,-0.367351,0.578746,1.013313,2
1585226009018082816,153.483272,-62.539116,0.795720,-0.603562,0.408037,-0.364423,0.580013,1.013313,2
1585226009150083072,154.441226,-62.114589,0.776342,-0.603032,0.407253,-0.362794,0.582133,1.013313,2
1585226009282083328,155.395292,-61.696211,0.763024,-0.602368,0.407614,-0.360359,0.584076,1.013313,2
1585226009414083840,156.362224,-61.269639,0.744960,-0.601779,0.408051,-0.358132,0.585745,1.013313,2
1585226009546084096,157.323497,-60.833705,0.739425,-0.601251,0.406703,-0.357793,0.587430,1.013313,2
1585226009645084416,158.047286,-60.502580,0.736886,-0.600409,0.405375,-0.357835,0.589181,1.013313,2
1585226009744084480,158.782599,-60.169556,0.740753,-0.599732,0.404845,-0.357063,0.590701,1.013313,2
1585226009876084736,159.762332,-59.725280,0.737587,-0.600304,0.404817,-0.355813,0.590894,1.013313,2
1585226010008085248,160.743902,-59.262393,0.736396,-0.601312,0.403924,-0.355495,0.590671,1.013313,2
1585226010107085312,161.481088,-58.912781,0.728269,-0.601330,0.403135,-0.355167,0.591389,1.013313,2
1585226010206085632,162.231182,-58.560169,0.735250,-0.601473,0.402936,-0.354073,0.592034,1.013313,2
1585226010305085952,162.973470,-58.210099,0.735899,-0.601794,0.402798,-0.353104,0.592381,1.013313,2
1585226010404086016,163.714543,-57.846812,0.731128,-0.602601,0.402470,-0.352506,0.592140,1.013313,2
1585226010503086336,164.479904,-57.485896,0.723488,-0.603522,0.401954,-0.351997,0.591854,1.013313,2
1585226010602086656,165.254597,-57.118530,0.718431,-0.603869,0.401765,-0.351093,0.592166,1.013313,2
1585226010701086720,166.033838,-56.746041,0.713442,-0.604246,0.401230,-0.350684,0.592387,1.013313,2
1585226010800087040,166.764793,-56.390946,0.705093,-0.604120,0.400051,-0.351340,0.592924,1.013313,2
1585226010899087360,167.566132,-56.004605,0.702015,-0.603548,0.399255,-0.351802,0.593769,1.013313,2
1585226010998087424,168.332310,-55.634058,0.697629,-0.603420,0.398908,-0.351831,0.594114,1.013313,2
1585226011097087744,169.099718,-55.263128,0.694853,-0.603698,0.398873,-0.351721,0.593920,1.013313,2
1585226011196088064,169.876833,-54.888186,0.694397,-0.603738,0.399241,-0.351576,0.593719,1.013313,2
1585226011295088128,170.656490,-54.509140,0.692361,-0.603712,0.398759,-0.352279,0.593653,1.013313,2
1585226011394088448,171.443680,-54.131441,0.688893,-0.603274,0.399011,-0.352449,0.593828,1.013313,2
1585226011493088768,172.244309,-53.750704,0.685323,-0.602471,0.400041,-0.352032,0.594196,1.013313,2
1585226011592088832,173.046404,-53.370041,0.683321,-0.602604,0.400728,-0.351953,0.593645,1.013313,2
1585226011691089152,173.854336,-52.985363,0.682630,-0.602460,0.401123,-0.352341,0.593294,1.013313,2
1585226011790089472,174.676315,-52.598924,0.679320,-0.601449,0.401251,-0.353100,0.593782,1.013313,2
1585226011889089536,175.464545,-52.226540,0.676042,-0.600654,0.401716,-0.353708,0.593910,1.013313,2
1585226011988089856,176.296019,-51.838558,0.672149,-0.600170,0.402260,-0.354421,0.593606,1.013313,2
1585226012087090176,177.125300,-51.451432,0.678620,-0.599959,0.402959,-0.355126,0.592923,1.013313,2
1585226012186090496,177.949774,-51.067571,0.681517,-0.599354,0.403181,-0.356512,0.592553,1.013313,2
1585226012285090560,178.783308,-50.680940,0.683489,-0.599546,0.403667,-0.357601,0.591371,1.013313,2
1585226012384090880,179.620709,-50.297987,0.684942,-0.599359,0.404514,-0.358251,0.590587,1.013313,2
1585226012483091200,180.473273,-49.910480,0.683709,-0.600266,0.405804,-0.358482,0.588637,1.013313,2
1585226012582091264,181.320961,-49.524191,0.681781,-0.600856,0.406240,-0.359644,0.587024,1.013313,2
1585226012681091584,182.205585,-49.127975,0.674326,-0.600749,0.406664,-0.360743,0.586164,1.013313,2
1585226012780091904,183.052161,-48.748880,0.672402,-0.599557,0.406978,-0.361999,0.586394,1.013313,2
1585226012879091968,183.923238,-48.367336,0.667827,-0.598484,0.407820,-0.362647,0.586504,1.013313,2
1585226012978092288,184.786387,-47.990047,0.666867,-0.597373,0.408463,-0.363623,0.586584,1.013313,2
1585226013077092608,185.678810,-47.604601,0.660724,-0.596482,0.408984,-0.364540,0.586559,1.013313,2
1585226013176092672,186.526396,-47.237108,0.666450,-0.595498,0.409443,-0.365570,0.586598,1.013313,2
1585226013275092992,187.416596,-46.856185,0.665843,-0.595065,0.410157,-0.366237,0.586123,1.013313,2
1585226013374093312,188.321615,-46.470347,0.665668,-0.595051,0.410846,-0.367011,0.585169,1.013313,2
1585226013473093376,189.221224,-46.088010,0.666084,-0.595216,0.411798,-0.367479,0.584037,1.013313,2
1585226013572093696,190.127027,-45.705550,0.665490,-0.595275,0.412408,-0.367892,0.583286,1.013313,2
1585226013671094016,191.063660,-45.310318,0.659290,-0.595655,0.412274,-0.368651,0.582513,1.013313,2
1585226013770094080,191.944300,-44.940518,0.660473,-0.595595,0.412534,-0.368973,0.582187,1.013313,2
1585226013869094400,192.871214,-44.564856,0.654277,-0.595392,0.413083,-0.368989,0.581995,1.013313,2
1585226013968094720,193.769152,-44.170859,0.659260,-0.595366,0.412810,-0.370004,0.581570,1.013313,2
1585226014067094784,194.678676,-43.784582,0.660767,-0.594605,0.412940,-0.370644,0.581849,1.013313,2
1585226014166095104,195.553812,-43.413641,0.662168,-0.594136,0.413042,-0.371112,0.581958,1.013313,2
1585226014265095424,196.485867,-43.029075,0.663708,-0.594021,0.413463,-0.371355,0.581621,1.013313,2
1585226014364095488,197.402638,-42.649469,0.671247,-0.594321,0.414098,-0.371448,0.580803,1.013313,2
1585226014430095616,198.005249,-42.396930,0.674507,-0.594068,0.414399,-0.371653,0.580715,1.013313,2
1585226014529095936,198.930579,-42.005095,0.687151,-0.593564,0.414744,-0.372157,0.580662,1.013313,2
1585226014628096256,199.852486,-41.628866,0.691405,-0.593338,0.414706,-0.373126,0.580298,1.013313,2
1585226014727096320,200.782208,-41.273139,0.665718,-0.593337,0.414926,-0.373913,0.579635,1.013313,2
1585226014826096640,201.705061,-40.912400,0.655986,-0.593086,0.415713,-0.374199,0.579144,1.013313,2
1585226014925096960,202.630976,-40.537053,0.654052,-0.592816,0.416348,-0.374683,0.578650,1.013313,2
1585226015024097024,203.563613,-40.169096,0.646154,-0.592560,0.417164,-0.374963,0.578142,1.013313,2
1585226015123097344,204.485583,-39.799642,0.628335,-0.592522,0.417921,-0.375080,0.577559,1.013313,2
1585226015222097664,205.418070,-39.425061,0.615009,-0.592898,0.418867,-0.375005,0.576536,1.013313,2
1585226015321097728,206.370322,-39.048651,0.618951,-0.592700,0.419537,-0.375314,0.576051,1.013313,2
1585226015420098048,207.300736,-38.683652,0.615068,-0.591900,0.419690,-0.376150,0.576218,1.013313,2
1585226015519098368,208.200058,-38.340192,0.604641,-0.590967,0.419783,-0.377007,0.576546,1.013313,2
1585226015618098688,209.199584,-37.944260,0.603343,-0.590682,0.419959,-0.377885,0.576136,1.013313,2
1585226015717098752,210.155417,-37.579039,0.598799,-0.590950,0.421210,-0.377627,0.575116,1.013313,2
1585226015816099072,211.097969,-37.223045,0.593602,-0.590840,0.422928,-0.377085,0.574323,1.013313,2
1585226015915099392,211.995255,-36.881127,0.591624,-0.590329,0.424062,-0.377519,0.573727,1.013313,2
1585226016014099456,212.951702,-36.521163,0.583113,-0.588968,0.424368,-0.378880,0.574002,1.013313,2
1585226016113099776,213.883433,-36.172942,0.575963,-0.587336,0.425085,-0.380144,0.574308,1.013313,2
1585226016212100096,214.787438,-35.842395,0.570489,-0.586787,0.426505,-0.380980,0.573262,1.013313,2
1585226016311100160,215.757314,-35.483869,0.567948,-0.586555,0.427756,-0.382519,0.571539,1.013313,2
1585226016410100480,216.699353,-35.146123,0.564816,-0.585836,0.428817,-0.384520,0.570137,1.013313,2
1585226016509100800,217.600011,-34.839120,0.552558,-0.583311,0.430389,-0.386558,0.570163,1.013313,2
1585226016608100864,218.602807,-34.489772,0.552827,-0.581807,0.432048,-0.388933,0.568829,1.013313,2
1585226016707101184,219.553942,-34.174235,0.548820,-0.580170,0.435211,-0.390338,0.567125,1.013313,2
1585226016806101504,220.487848,-33.877001,0.546444,-0.578388,0.438766,-0.391443,0.565442,1.013313,2
1585226016905101568,221.428223,-33.586317,0.543148,-0.576191,0.441561,-0.393441,0.564120,1.013313,2
1585226017004101888,222.359806,-33.311763,0.534051,-0.573164,0.443994,-0.395829,0.563624,1.013313,2
1585226017103102208,223.325035,-33.021424,0.534022,-0.570751,0.445602,-0.398661,0.562808,1.013313,2
1585226017202102272,224.286656,-32.741629,0.531492,-0.569255,0.446826,-0.401437,0.561377,1.013313,2
1585226017301102592,225.256185,-32.465474,0.529230,-0.568857,0.448415,-0.403399,0.559102,1.013313,2
1585226017400102912,226.215290,-32.197234,0.527452,-0.569363,0.450124,-0.405117,0.555963,1.013313,2
1585226017499102976,227.183599,-31.930432,0.526298,-0.569125,0.451070,-0.407764,0.553500,1.013313,2
1585226017598103296,228.131111,-31.678502,0.521939,-0.567158,0.451731,-0.410595,0.552887,1.013313,2
1585226017697103616,229.089627,-31.434685,0.515414,-0.564824,0.452637,-0.412928,0.552797,1.013313,2
1585226017796103680,230.025826,-31.204925,0.510573,-0.563377,0.454530,-0.414294,0.551697,1.013313,2
1585226017895104000,231.026563,-30.958432,0.515177,-0.562499,0.456995,-0.415161,0.549902,1.013313,2
1585226017994104320,232.004371,-30.727594,0.513302,-0.561503,0.459409,-0.416047,0.548237,1.013313,2
1585226018093104384,232.970090,-30.506694,0.508815,-0.560105,0.461655,-0.417234,0.546875,1.013313,2
1585226018192104704,233.938831,-30.288333,0.502232,-0.558334,0.462734,-0.419652,0.545923,1.013313,2
1585226018291105024,234.909546,-30.076432,0.494829,-0.556280,0.464126,-0.421775,0.545202,1.013313,2
1585226018390105088,235.886447,-29.869856,0.488451,-0.554688,0.465730,-0.423727,0.543940,1.013313,2
1585226018489105408,236.832802,-29.680523,0.483645,-0.553849,0.468428,-0.424593,0.541800,1.013313,2
1585226018588105472,237.841755,-29.479004,0.486140,-0.552700,0.470720,-0.426034,0.539853,1.013313,2
1585226018687105792,238.824630,-29.289942,0.481628,-0.551109,0.472314,-0.427945,0.538574,1.013313,2
1585226018786106112,239.814193,-29.109572,0.475102,-0.548342,0.473461,-0.430005,0.538749,1.013313,2
1585226018885106176,240.804206,-28.935914,0.470237,-0.546707,0.474653,-0.431522,0.538149,1.013313,2
1585226018984106496,241.786187,-28.765460,0.467720,-0.545911,0.475724,-0.432844,0.536949,1.013313,2
1585226019083106816,242.788399,-28.594535,0.465098,-0.545655,0.478038,-0.432736,0.535238,1.013313,2
1585226019182106880,243.789994,-28.427644,0.460587,-0.545490,0.479205,-0.433532,0.533716,1.013313,2
1585226019281107200,244.778822,-28.262650,0.457097,-0.544649,0.479908,-0.434504,0.533153,1.013313,2
1585226019380107520,245.778881,-28.103483,0.451380,-0.543213,0.479672,-0.436115,0.533515,1.013313,2
1585226019479107584,246.780240,-27.946032,0.444079,-0.541849,0.480041,-0.437261,0.533632,1.013313,2
1585226019578107904,247.775490,-27.791209,0.439547,-0.541536,0.480781,-0.437885,0.532771,1.013313,2
1585226019677108224,248.750778,-27.640580,0.438969,-0.542263,0.482118,-0.437475,0.531157,1.013313,2
1585226019776108544,249.784138,-27.479569,0.435658,-0.542524,0.482594,-0.437338,0.530572,1.013313,2
1585226019875108608,250.773453,-27.324698,0.431841,-0.542795,0.482251,-0.438224,0.529875,1.013313,2
1585226019974108928,251.771334,-27.168328,0.426320,-0.542493,0.481325,-0.439839,0.529687,1.013313,2
1585226020073109248,252.778779,-27.011124,0.421155,-0.542493,0.480764,-0.441107,0.529142,1.013313,2
1585226020172109312,253.765508,-26.859296,0.417347,-0.542984,0.480560,-0.442071,0.528019,1.013313,2
1585226020271109632,254.742620,-26.712657,0.415268,-0.543038,0.480943,-0.442535,0.527225,1.013313,2
1585226020370109952,255.720745,-26.569279,0.414922,-0.543118,0.481222,-0.443070,0.526438,1.013313,2
1585226020469110016,256.701588,-26.424989,0.411484,-0.542944,0.481239,-0.443984,0.525832,1.013313,2
1585226020568110336,257.708256,-26.278855,0.405723,-0.542101,0.481541,-0.444644,0.525868,1.013313,2
1585226020667110656,258.678406,-26.144576,0.396553,-0.541670,0.481446,-0.445875,0.525356,1.013313,2
1585226020799110912,260.004701,-25.953620,0.397553,-0.541597,0.481788,-0.447078,0.524094,1.013313,2
1585226020898110976,260.989810,-25.819919,0.393765,-0.541739,0.482745,-0.447558,0.522654,1.013313,2
1585226020997111296,261.955827,-25.693319,0.390394,-0.541314,0.484209,-0.447952,0.521402,1.013313,2
1585226021096111616,262.918883,-25.572613,0.384608,-0.540585,0.485012,-0.449311,0.520241,1.013313,2
1585226021195111680,263.888921,-25.456440,0.376414,-0.539741,0.485653,-0.450960,0.519091,1.013313,2
1585226021294112000,264.875480,-25.341448,0.370911,-0.538496,0.486765,-0.452275,0.518197,1.013313,2
1585226021426112256,266.169227,-25.191963,0.366724,-0.537580,0.487490,-0.455817,0.515356,1.013313,2
1585226021558112768,267.420193,-25.057453,0.359689,-0.535622,0.488572,-0.460796,0.511931,1.013313,2
1585226021690113024,268.725559,-24.936680,0.359094,-0.532907,0.491179,-0.464813,0.508628,1.013313,2
1585226021789113344,269.698485,-24.859936,0.356964,-0.531354,0.494720,-0.466646,0.505131,1.013313,2
1585226021888113408,270.663778,-24.796985,0.353417,-0.528871,0.498156,-0.468578,0.502563,1.013313,2
1585226022020113664,271.933169,-24.741416,0.344134,-0.524680,0.503845,-0.469720,0.500213,1.013313,2
1585226022152114176,273.261246,-24.700435,0.330106,0.519766,-0.509302,0.470646,-0.498946,1.013313,2
1585226022284114432,274.489001,-24.685831,0.319560,0.514344,-0.513508,0.471369,-0.499571,1.013313,2
1585226022416114688,275.774825,-24.670401,0.309917,-0.510519,0.516088,-0.471601,0.500615,1.013313,2
1585226022548114944,277.065349,-24.658243,0.304835,-0.507845,0.518238,-0.470707,0.501955,1.013313,2
1585226022680115456,278.356248,-24.636697,0.298970,-0.507151,0.518389,-0.470738,0.502471,1.013313,2
1585226022812115712,279.611059,-24.614894,0.292851,-0.508083,0.518332,-0.470180,0.502109,1.013313,2
1585226022911115776,280.541912,-24.596575,0.288333,-0.508763,0.518175,-0.469924,0.501823,1.013313,2
1585226023010116096,281.496576,-24.575397,0.283880,-0.508797,0.517660,-0.469960,0.502287,1.013313,2
1585226023109116416,282.434851,-24.552766,0.278951,-0.508455,0.516529,-0.470675,0.503127,1.013313,2
1585226023208116480,283.455546,-24.519627,0.268842,-0.508255,0.516648,-0.469952,0.503883,1.013313,2
1585226023307116800,284.349428,-24.506501,0.270354,-0.508669,0.516722,-0.469246,0.504046,1.013313,2
1585226023406117120,285.311457,-24.480302,0.268557,-0.509111,0.516597,-0.468782,0.504160,1.013313,2
1585226023505117440,286.273279,-24.451476,0.264577,-0.508986,0.515906,-0.468799,0.504977,1.013313,2
1585226023604117504,287.235139,-24.420238,0.257815,-0.509580,0.515662,-0.468304,0.505086,1.013313,2
1585226023703117824,288.189206,-24.389782,0.249882,-0.510993,0.516167,-0.467021,0.504330,1.013313,2
1585226023802118144,289.163587,-24.355825,0.244171,-0.512629,0.516960,-0.465496,0.503267,1.013313,2
1585226023901118208,290.134634,-24.319709,0.237018,-0.512930,0.516527,-0.465271,0.503612,1.013313,2
1585226024000118528,291.112285,-24.283683,0.225033,-0.512181,0.514999,-0.466135,0.505138,1.013313,2
1585226024099118848,292.099545,-24.247337,0.216337,-0.511307,0.513842,-0.466543,0.506822,1.013313,2
1585226024198118912,293.062021,-24.212412,0.214615,-0.511422,0.513338,-0.466004,0.507712,1.013313,2
1585226024297119232,294.120139,-24.160999,0.217251,-0.511975,0.513061,-0.464694,0.508634,1.013313,2
1585226024396119552,295.018288,-24.128778,0.214223,-0.512967,0.511866,-0.463689,0.509755,1.013313,2
1585226024495119616,295.998504,-24.074980,0.213694,-0.514557,0.510679,-0.462673,0.510267,1.013313,2
1585226024594119936,297.074195,-24.003742,0.200492,-0.516310,0.509365,-0.462048,0.510375,1.013313,2
1585226024726120192,298.314546,-23.926906,0.205435,-0.517973,0.507691,-0.461169,0.511152,1.013313,2
1585226024825120512,299.309080,-23.861949,0.198966,-0.518776,0.506957,-0.460120,0.512011,1.013313,2
1585226024924120576,300.314348,-23.794348,0.193078,-0.519521,0.506516,-0.458922,0.512768,1.013313,2
1585226025023120896,301.311230,-23.725789,0.188019,-0.520402,0.505987,-0.457831,0.513371,1.013313,2
1585226025122121216,302.301185,-23.658569,0.180928,-0.520279,0.506253,-0.456219,0.514667,1.013313,2
1585226025221121280,303.255705,-23.594656,0.173284,-0.520744,0.505870,-0.455449,0.515254,1.013313,2
1585226025320121600,304.247161,-23.520341,0.172993,-0.520586,0.505572,-0.454995,0.516107,1.013313,2
1585226025386121728,304.895846,-23.470505,0.170939,-0.520519,0.504720,-0.455364,0.516682,1.013313,2
1585226025452121856,305.557147,-23.416416,0.168629,-0.520211,0.503069,-0.456689,0.517434,1.013313,2
1585226025518122240,306.204586,-23.363935,0.168299,-0.520271,0.502086,-0.457411,0.517690,1.013313,2
1585226025584122368,306.858336,-23.311884,0.166780,-0.520391,0.501714,-0.457512,0.517840,1.013313,2
1585226025650122496,307.521300,-23.256959,0.168402,-0.521005,0.501028,-0.457940,0.517509,1.013313,2
1585226025716122624,308.192551,-23.197800,0.161474,-0.522231,0.500937,-0.457827,0.516460,1.013313,2
1585226025815122944,309.129362,-23.120708,0.172851,-0.523871,0.501630,-0.457059,0.514805,1.013313,2
1585226025914123008,310.080226,-23.041581,0.170613,-0.524898,0.501771,-0.456704,0.513936,1.013313,2
1585226026013123328,311.050486,-22.962556,0.165700,-0.524585,0.501264,-0.457043,0.514448,1.013313,2
1585226026112123648,312.028478,-22.884582,0.154274,-0.524241,0.501071,-0.457085,0.514949,1.013313,2
1585226026211123712,313.004977,-22.808194,0.146278,-0.524433,0.501993,-0.456092,0.514736,1.013313,2
1585226026310124032,314.049941,-22.725302,0.141525,-0.524521,0.502866,-0.455128,0.514647,1.013313,2
1585226026409124352,314.974006,-22.650416,0.139751,-0.524344,0.502224,-0.455875,0.514794,1.013313,2
1585226026508124416,315.959747,-22.568940,0.134376,-0.523400,0.500971,-0.457303,0.515708,1.013313,2
1585226026607124736,316.924666,-22.490139,0.133875,-0.523201,0.500491,-0.458046,0.515716,1.013313,2
1585226026706125056,317.888197,-22.411247,0.132657,-0.523869,0.500764,-0.458383,0.514472,1.013313,2
1585226026805125120,318.848727,-22.331042,0.131908,-0.524675,0.501523,-0.458633,0.512686,1.013313,2
1585226026904125440,319.892527,-22.247815,0.119832,-0.524709,0.502285,-0.458934,0.511635,1.013313,2
1585226027003125760,320.812108,-22.181003,0.124525,-0.523905,0.502490,-0.459918,0.511373,1.013313,2
1585226027102125824,321.790573,-22.109860,0.117717,-0.522747,0.502528,-0.461318,0.511260,1.013313,2
1585226027201126144,322.768403,-22.045848,0.111872,-0.521712,0.503218,-0.462353,0.510704,1.013313,2
1585226027300126208,323.746619,-21.985612,0.108610,-0.520894,0.504288,-0.463406,0.509527,1.013313,2
1585226027399126528,324.721509,-21.927960,0.104969,-0.520311,0.505494,-0.464692,0.507755,1.013313,2
1585226027498126848,325.670316,-21.881730,0.101466,-0.518757,0.507412,-0.465469,0.506717,1.013313,2
1585226027597126912,326.636940,-21.837354,0.096563,-0.517720,0.508685,-0.466794,0.505281,1.013313,2
1585226027696127232,327.600481,-21.795294,0.092982,-0.516091,0.508706,-0.469444,0.504471,1.013313,2
1585226027795127552,328.568150,-21.760050,0.088344,-0.514233,0.509254,-0.471529,0.503870,1.013313,2
1585226027894127872,329.532769,-21.727537,0.085755,-0.513195,0.510160,-0.473368,0.502284,1.013313,2
1585226027993127936,330.505947,-21.698261,0.087515,0.513415,-0.512018,0.474463,-0.499127,1.013313,2
1585226028092128256,331.534874,-21.667591,0.074594,-0.513134,0.513270,-0.476154,0.496513,1.013313,2
1585226028191128576,332.425572,-21.655073,0.083590,-0.512240,0.514018,-0.478079,0.494809,1.013313,2
1585226028290128640,333.393784,-21.647406,0.077609,-0.510464,0.514912,-0.479887,0.493965,1.013313,2
1585226028389128960,334.394522,-21.639334,0.066777,-0.509594,0.516573,-0.480965,0.492075,1.013313,2
1585226028488129280,335.332927,-21.646452,0.066816,-0.508861,0.518376,-0.481947,0.489973,1.013313,2
1585226028587129344,336.295121,-21.651018,0.061712,-0.507869,0.519739,-0.483326,0.488197,1.013313,2
1585226028686129664,337.312612,-21.657901,0.048729,-0.505469,0.521305,-0.484590,0.487765,1.013313,2
1585226028785129984,338.216588,-21.690936,0.049667,-0.503212,0.523680,-0.484888,0.487258,1.013313,2
1585226028884130048,339.189700,-21.709901,0.045881,-0.501848,0.524290,-0.487130,0.485770,1.013313,2
1585226028983130368,340.135207,-21.732234,0.044788,-0.499666,0.525041,-0.489382,0.484946,1.013313,2
1585226029082130688,341.105456,-21.773101,0.037295,-0.497894,0.526163,-0.490908,0.484008,1.013313,2
1585226029181130752,342.031260,-21.809087,0.036564,-0.497565,0.528770,-0.491230,0.481169,1.013313,2
1585226029280131072,343.072012,-21.856353,0.028114,-0.497560,0.531396,-0.491315,0.478187,1.013313,2
1585226029379131392,343.958816,-21.902550,0.027249,-0.496159,0.532022,-0.492969,0.477244,1.013313,2
1585226029478131456,344.932636,-21.959578,0.013189,-0.493744,0.532478,-0.494528,0.477625,1.013313,2
1585226029577131776,345.915204,-22.017595,0.000144,-0.491804,0.532736,-0.496052,0.477758,1.013313,2
1585226029676132096,346.844312,-22.083321,0.000107,-0.490388,0.534476,-0.496349,0.476962,1.013313,2
1585226029775132160,347.816442,-22.152353,-0.003612,-0.489715,0.536267,-0.496431,0.475556,1.013313,2
1585226029874132480,348.800909,-22.222852,-0.008136,-0.489341,0.538042,-0.496602,0.473754,1.013313,2
1585226029973132800,349.757117,-22.294361,-0.018634,-0.488722,0.539504,-0.496941,0.472372,1.013313,2
1585226030072132864,350.726640,-22.371951,-0.027230,-0.487710,0.540436,-0.497955,0.471285,1.013313,2
1585226030171133184,351.670534,-22.448259,-0.037305,-0.486475,0.540923,-0.499512,0.470354,1.013313,2
1585226030270133504,352.585355,-22.526422,-0.046599,-0.484278,0.540669,-0.501862,0.470410,1.013313,2
1585226030369133568,353.539991,-22.617471,-0.049404,-0.482324,0.541391,-0.503326,0.470024,1.013313,2
1585226030435133696,354.169565,-22.679466,-0.052809,-0.481696,0.542395,-0.503708,0.469100,1.013313,2
1585226030501134080,354.802142,-22.743686,-0.055292,-0.481641,0.543851,-0.503592,0.467593,1.013313,2
1585226030600134144,355.761834,-22.842638,-0.062662,-0.482633,0.546934,-0.502232,0.464426,1.013313,2
1585226030699134464,356.716310,-22.949331,-0.075847,-0.482224,0.549881,-0.500750,0.462970,1.013313,2
1585226030798134784,357.666912,-23.056924,-0.089518,-0.480412,0.550551,-0.501518,0.463225,1.013313,2
1585226030864134912,358.257946,-23.123042,-0.100364,-0.478672,0.549570,-0.503660,0.463867,1.013313,2
1585226030930135040,358.926995,-23.198633,-0.111415,-0.476887,0.548906,-0.505532,0.464455,1.013313,2
1585226030996135168,359.548976,-23.270735,-0.119224,-0.475599,0.548373,-0.507144,0.464647,1.013313,2
1585226031062135296,360.175387,-23.345860,-0.123408,-0.474767,0.548687,-0.507800,0.464411,1.013313,2
1585226031161135616,361.059101,-23.454334,-0.123589,-0.473993,0.550783,-0.507221,0.463353,1.013313,2
1585226031260135680,362.034398,-23.586390,-0.131755,-0.472995,0.552783,-0.507019,0.462210,1.013313,2
1585226031326136064,362.665199,-23.668658,-0.135961,-0.472522,0.554248,-0.506824,0.461153,1.013313,2
1585226031425136128,363.582531,-23.791444,-0.141934,-0.470951,0.555510,-0.507282,0.460737,1.013313,2
1585226031524136448,364.505002,-23.917570,-0.151103,-0.469565,0.556134,-0.508137,0.460457,1.013313,2
1585226031623136768,365.425664,-24.045947,-0.163664,-0.467800,0.556041,-0.509685,0.460654,1.013313,2
1585226031722136832,366.350441,-24.175987,-0.167890,-0.467242,0.556481,-0.510689,0.459577,1.013313,2
1585226031821137152,367.274645,-24.307678,-0.173307,-0.466953,0.557184,-0.511513,0.458100,1.013313,2
1585226031920137472,368.204906,-24.442173,-0.180563,-0.467120,0.557838,-0.512322,0.456225,1.013313,2
1585226032019137536,369.142381,-24.569948,-0.185211,-0.466684,0.557848,-0.513773,0.455026,1.013313,2
1585226032118137856,370.050296,-24.713757,-0.195598,-0.466592,0.557513,-0.515479,0.453600,1.013313,2
1585226032217138176,370.963447,-24.855119,-0.203522,-0.466197,0.557372,-0.516762,0.452718,1.013313,2
1585226032316138240,371.880751,-25.001137,-0.207865,-0.465623,0.558192,-0.516969,0.452061,1.013313,2
1585226032415138560,372.798200,-25.149006,-0.213094,-0.465134,0.558957,-0.517175,0.451385,1.013313,2
1585226032514138880,373.727598,-25.295130,-0.221625,-0.464831,0.559673,-0.517288,0.450679,1.013313,2
1585226032613138944,374.641600,-25.450142,-0.227826,-0.464478,0.560375,-0.517181,0.450293,1.013313,2
1585226032712139264,375.542365,-25.596337,-0.237335,-0.464784,0.561364,-0.516545,0.449476,1.013313,2
1585226032811139584,376.444194,-25.744653,-0.248826,-0.464319,0.562739,-0.515545,0.449384,1.013313,2
1585226032910139648,377.359630,-25.905279,-0.259604,-0.464166,0.563045,-0.515373,0.449357,1.013313,2
1585226033009139968,378.260517,-26.054772,-0.273952,-0.463768,0.562164,-0.516512,0.449561,1.013313,2
1585226033108140288,379.150448,-26.202521,-0.288042,-0.463507,0.561016,-0.517581,0.450036,1.013313,2
1585226033207140352,380.009866,-26.344426,-0.289325,-0.463204,0.561495,-0.516694,0.450769,1.013313,2
1585226033306140672,380.932844,-26.502754,-0.305654,-0.463745,0.561627,-0.515908,0.450948,1.013313,2
1585226033405140992,381.813160,-26.643790,-0.312161,-0.464398,0.561806,-0.515413,0.450620,1.013313,2
1585226033537141248,382.975408,-26.830149,-0.323838,-0.464822,0.561816,-0.514624,0.451072,1.013313,2
1585226033669141504,384.145160,-27.017716,-0.335349,-0.464837,0.561609,-0.513760,0.452296,1.013313,2
1585226033768141824,385.047034,-27.157831,-0.347701,-0.464599,0.560731,-0.513791,0.453593,1.013313,2
1585226033867141888,385.881387,-27.287045,-0.345224,-0.463931,0.559144,-0.514517,0.455410,1.013313,2
1585226033966142208,386.770469,-27.424686,-0.352490,-0.464011,0.557655,-0.514885,0.456737,1.013313,2
1585226034065142528,387.665942,-27.557216,-0.358730,-0.465345,0.557015,-0.514171,0.456963,1.013313,2
1585226034197142784,388.863223,-27.728328,-0.366428,-0.467761,0.557325,-0.511703,0.456890,1.013313,2
1585226034329143040,390.008608,-27.891140,-0.372230,-0.470193,0.556485,-0.510180,0.457121,1.013313,2
1585226034428143360,390.895007,-28.008675,-0.380202,-0.470919,0.554837,-0.510076,0.458491,1.013313,2
1585226034560143616,392.058926,-28.158778,-0.393681,-0.472102,0.551985,-0.510337,0.460422,1.013313,2
1585226034659143936,392.927623,-28.263523,-0.398836,-0.473088,0.550643,-0.509761,0.461652,1.013313,2
1585226034758144256,393.805208,-28.372810,-0.404194,-0.474374,0.549680,-0.508601,0.462758,1.013313,2
1585226034857144320,394.662760,-28.471259,-0.405775,-0.475475,0.548557,-0.507806,0.463834,1.013313,2
1585226034956144640,395.510664,-28.565007,-0.407355,-0.476167,0.547467,-0.506951,0.465345,1.013313,2
1585226035055144960,396.365607,-28.655622,-0.409060,-0.477088,0.546525,-0.505859,0.466695,1.013313,2
1585226035154145024,397.216448,-28.743938,-0.411800,-0.478012,0.545957,-0.504374,0.468019,1.013313,2
1585226035253145344,398.058688,-28.828652,-0.412670,-0.479653,0.545479,-0.502661,0.468740,1.013313,2
1585226035352145664,398.944189,-28.914638,-0.424189,-0.480764,0.545117,-0.501068,0.469727,1.013313,2
1585226035484145920,400.073298,-29.021861,-0.428820,-0.481088,0.543965,-0.499404,0.472494,1.013313,2
1585226035583145984,400.950141,-29.099242,-0.432118,-0.480903,0.542545,-0.498910,0.474832,1.013313,2
1585226035715146496,402.044779,-29.191389,-0.438362,-0.481617,0.542029,-0.497219,0.476469,1.013313,2
1585226035814146560,402.893556,-29.256479,-0.436116,-0.482155,0.541124,-0.496541,0.477658,1.013313,2
1585226035913146880,403.752098,-29.318979,-0.436757,-0.483293,0.540425,-0.495614,0.478263,1.013313,2
1585226036012147200,404.676586,-29.388786,-0.442544,-0.484373,0.539682,-0.494618,0.479039,1.013313,2
1585226036111147264,405.488421,-29.441177,-0.444852,-0.486219,0.539877,-0.492719,0.478908,1.013313,2
1585226036210147584,406.366065,-29.494960,-0.449071,-0.488453,0.539613,-0.491392,0.478294,1.013313,2
1585226036342147840,407.497852,-29.548382,-0.450965,-0.490299,0.538019,-0.490923,0.478682,1.013313,2
1585226036474148352,408.663119,-29.619516,-0.472247,-0.491291,0.535122,-0.491736,0.480077,1.013313,2
1585226036573148416,409.510407,-29.663502,-0.478482,-0.491485,0.533515,-0.491715,0.481685,1.013313,2
1585226036672148736,410.357789,-29.704624,-0.480053,-0.492452,0.532596,-0.491075,0.482366,1.013313,2
1585226036771149056,411.207125,-29.741938,-0.482868,-0.494170,0.532447,-0.489778,0.482094,1.013313,2
1585226036870149120,412.050280,-29.778978,-0.486405,-0.495080,0.533010,-0.487733,0.482610,1.013313,2
1585226036969149440,412.834293,-29.802862,-0.482026,-0.495726,0.532591,-0.486685,0.483467,1.013313,2
1585226037068149760,413.748513,-29.842934,-0.498219,-0.496246,0.530748,-0.487160,0.484481,1.013313,2
1585226037167149824,414.590528,-29.868198,-0.506850,-0.496136,0.528682,-0.487866,0.486139,1.013313,2
1585226037266150144,415.425972,-29.893534,-0.511651,-0.496608,0.527300,-0.487782,0.487241,1.013313,2
1585226037365150464,416.220728,-29.897186,-0.506406,-0.497819,0.526855,-0.486960,0.487309,1.013313,2
1585226037464150528,417.102119,-29.929175,-0.513472,-0.499819,0.526944,-0.485790,0.486333,1.013313,2
1585226037563150848,417.930845,-29.941471,-0.515582,-0.501755,0.526650,-0.484856,0.485588,1.013313,2
1585226037662151168,418.756332,-29.954323,-0.518323,-0.502409,0.525790,-0.484472,0.486227,1.013313,2
1585226037761151232,419.591505,-29.967230,-0.524038,-0.502443,0.524070,-0.484915,0.487605,1.013313,2
1585226037860151552,420.417356,-29.978008,-0.531318,-0.502651,0.523026,-0.484685,0.488739,1.013313,2
1585226037959151872,421.233173,-29.986811,-0.534845,-0.503650,0.522678,-0.483742,0.489018,1.013313,2
1585226038058151936,422.050034,-29.990463,-0.533313,-0.504633,0.521922,-0.483412,0.489138,1.013313,2
1585226038157152256,422.877711,-29.990596,-0.532916,-0.505201,0.520609,-0.483688,0.489677,1.013313,2
1585226038256152576,423.692112,-29.989971,-0.536825,-0.505242,0.518518,-0.484504,0.491045,1.013313,2
1585226038388153088,424.778601,-29.987228,-0.539178,-0.506080,0.517355,-0.484121,0.491786,1.013313,2
1585226038520153344,425.865317,-29.983254,-0.541167,-0.508121,0.516965,-0.482914,0.491279,1.013313,2
1585226038685153792,427.313039,-29.966767,-0.540684,-0.509266,0.514645,-0.483355,0.492094,1.013313,2
1585226038850153984,428.597611,-29.958514,-0.542487,-0.509914,0.512294,-0.483729,0.493507,1.013313,2
1585226039015154432,429.966579,-29.944140,-0.539147,-0.511191,0.511931,-0.482174,0.494084,1.013313,2
1585226039180154880,431.322439,-29.916463,-0.534049,0.513199,-0.510243,0.481998,-0.493919,1.013313,2
1585226039345155328,432.750637,-29.877185,-0.537454,0.515400,-0.508499,0.481612,-0.493803,1.013313,2
1585226039510155776,434.041826,-29.852810,-0.535914,0.516772,-0.508827,0.480139,-0.493465,1.013313,2
1585226039675155968,435.396151,-29.816027,-0.538273,0.517781,-0.508003,0.480620,-0.492788,1.013313,2
1585226039840156416,436.729889,-29.784886,-0.543389,0.517778,-0.507193,0.480428,-0.493812,1.013313,2
1585226039972156672,437.791070,-29.760692,-0.543438,0.517836,-0.506950,0.479946,-0.494469,1.013313,2
1585226040104157184,438.869194,-29.713065,-0.546685,0.518300,-0.506378,0.480092,-0.494426,1.013313,2
1585226040236157440,439.923120,-29.691317,-0.551791,0.520128,-0.505709,0.480073,-0.493209,1.013313,2
1585226040368157696,440.950601,-29.658217,-0.556146,0.521555,-0.506497,0.478658,-0.492267,1.013313,2
1585226040500157952,441.988902,-29.625594,-0.562661,0.522586,-0.507208,0.477363,-0.491698,1.013313,2
1585226040632158464,443.044440,-29.590287,-0.573558,0.523102,-0.507062,0.477161,-0.491499,1.013313,2
1585226040764158720,444.043781,-29.546116,-0.583299,0.523041,-0.506740,0.476845,-0.492201,1.013313,2
1585226040896158976,445.063394,-29.523843,-0.592271,0.523123,-0.507006,0.476064,-0.492595,1.013313,2
1585226041028159232,446.016089,-29.493796,-0.598704,0.522958,-0.507232,0.475376,-0.493202,1.013313,2
1585226041127159552,446.745606,-29.467784,-0.604425,0.522831,-0.507289,0.475076,-0.493568,1.013313,2
1585226041226159872,447.478475,-29.441174,-0.611928,0.522875,-0.506969,0.475111,-0.493815,1.013313,2
1585226041358160128,448.447319,-29.406222,-0.621885,0.522575,-0.506113,0.475360,-0.494770,1.013313,2
1585226041490160384,449.394657,-29.373705,-0.628486,0.522060,-0.506144,0.474819,-0.495801,1.013313,2
1585226041622160640,450.317320,-29.341257,-0.637971,0.521551,-0.506587,0.473870,-0.496790,1.013313,2
1585226041754160896,451.233685,-29.312535,-0.641171,0.521492,-0.507359,0.472668,-0.497210,1.013313,2
1585226041853161216,451.916984,-29.285860,-0.648534,0.521545,-0.508104,0.471678,-0.497334,1.013313,2
1585226041985161472,452.769993,-29.238128,-0.647164,0.521494,-0.508561,0.470362,-0.498166,1.013313,2
1585226042117161984,453.678476,-29.218076,-0.658115,0.521041,-0.507835,0.469822,-0.499887,1.013313,2
1585226042249162240,454.522877,-29.174699,-0.661336,-0.521257,0.505100,-0.470382,0.501902,1.013313,2
1585226042381162496,455.339690,-29.120266,-0.661487,-0.523038,0.501596,-0.470617,0.503342,1.013313,2
1585226042513162752,456.102713,-29.042678,-0.652163,-0.525934,0.499762,-0.468264,0.504341,1.013313,2
1585226042678163200,457.077591,-28.989574,-0.656564,-0.530078,0.497631,-0.464393,0.505688,1.013313,2
1585226042843163648,457.980959,-28.899356,-0.651679,-0.534230,0.494972,-0.460130,0.507821,1.013313,2
1585226042975163904,458.678417,-28.821630,-0.652144,-0.536992,0.491367,-0.455597,0.512474,1.013313,2
1585226043140164352,459.520947,-28.710568,-0.654215,-0.542392,0.486689,-0.445984,0.519656,1.013313,2
1585226043305164800,460.296631,-28.560085,-0.651427,-0.551276,0.477754,-0.436814,0.526345,1.013313,2
1585226043470164992,461.001423,-28.383797,-0.648968,-0.560459,0.464980,-0.427536,0.535624,1.013313,2
1585226043635165440,461.654493,-28.186119,-0.652243,-0.569863,0.450538,-0.414997,0.547767,1.013313,2
1585226043800165888,462.273425,-27.939584,-0.658014,-0.582437,0.432737,-0.402310,0.558258,1.013313,2
1585226043965166336,462.866185,-27.647299,-0.662804,-0.596822,0.412316,-0.389539,0.567502,1.013313,2
1585226044130166784,463.426830,-27.334911,-0.662730,-0.609897,0.393566,-0.373873,0.577365,1.013313,2
1585226044295166976,463.975874,-27.004697,-0.665096,-0.621575,0.376609,-0.354916,0.588086,1.013313,2
1585226044460167424,464.532392,-26.615708,-0.673106,-0.633536,0.356594,-0.336774,0.598379,1.013313,2
1585226044625167872,464.974306,-26.231603,-0.689735,-0.646224,0.333283,-0.318333,0.608261,1.013313,2
1585226044790168320,465.414073,-25.803408,-0.697678,-0.658518,0.310112,-0.296517,0.618273,1.013313,2
1585226044955168768,465.853460,-25.316575,-0.694940,-0.669912,0.287070,-0.272751,0.628026,1.013313,2
1585226045120168960,466.195345,-24.864852,-0.719119,-0.681011,0.262543,-0.250110,0.636192,1.013313,2
1585226045285169408,466.526088,-24.359647,-0.728630,-0.690200,0.238594,-0.226987,0.644340,1.013313,2
1585226045450169856,466.833807,-23.832575,-0.739417,-0.697078,0.216321,-0.202547,0.652888,1.013313,2
1585226045615170304,467.095272,-23.292167,-0.749581,-0.703069,0.192088,-0.179642,0.660700,1.013313,2
1585226045747170560,467.301062,-22.838184,-0.754207,-0.707281,0.171488,-0.161510,0.666528,1.013313,2
1585226045879170816,467.437401,-22.395982,-0.767858,-0.711194,0.151739,-0.142371,0.671497,1.013313,2
1585226046011171072,467.590166,-21.933667,-0.773814,-0.714984,0.132896,-0.121354,0.675581,1.013313,2
1585226046143171584,467.692582,-21.453477,-0.769222,-0.718784,0.113540,-0.101210,0.678391,1.013313,2
1585226046275171840,467.776690,-20.977037,-0.785863,-0.722913,0.092832,-0.083281,0.679591,1.013313,2
1585226046407172096,467.828716,-20.485279,-0.796208,-0.725774,0.072917,-0.066982,0.680771,1.013313,2
1585226046539172352,467.873197,-19.979067,-0.809087,-0.727643,0.057479,-0.051032,0.681636,1.013313,2
1585226046671172864,467.903860,-19.467257,-0.820093,-0.729538,0.044016,-0.037543,0.681489,1.013313,2
1585226046836173056,467.911920,-18.810847,-0.834079,-0.731763,0.027238,-0.025527,0.680536,1.013313,2
1585226047034173696,467.896895,-18.005140,-0.848293,-0.731470,0.011495,-0.014776,0.681617,1.013313,2
1585226047232174080,467.916916,-17.171830,-0.873643,-0.729986,0.006209,-0.006538,0.683402,1.013313,2
1585226047430174464,467.937554,-16.312094,-0.895595,-0.728696,0.005615,0.000665,0.684814,1.013313,2
1585226047661175040,467.910116,-15.278262,-0.909259,-0.727708,0.000633,0.002299,0.685883,1.013313,2
1585226047925175808,467.910992,-14.045230,-0.927163,-0.727528,-0.001329,0.010813,0.685992,1.013313,2
1585226048090176000,467.902437,-13.243080,-0.934212,-0.727784,-0.000689,0.016940,0.685597,1.013313,2
1585226048222176512,467.869314,-12.590231,-0.933308,-0.727291,-0.003568,0.018513,0.686071,1.013313,2
1585226048387176704,467.819580,-11.753186,-0.962710,-0.726499,-0.007802,0.019140,0.686857,1.013313,2
1585226048519176960,467.787267,-11.063735,-0.985342,-0.727175,-0.009025,0.022003,0.686040,1.013313,2
1585226048651177472,467.763032,-10.352462,-0.987105,-0.728422,-0.008914,0.025818,0.684584,1.013313,2
1585226048816177920,467.711813,-9.464634,-1.001386,-0.729040,-0.011326,0.025693,0.683895,1.013313,2
1585226048948178176,467.664914,-8.743230,-1.006349,-0.727531,-0.013746,0.024787,0.685489,1.013313,2
1585226049113178624,467.601247,-7.810430,-1.031540,-0.726394,-0.013339,0.025786,0.686665,1.013313,2
1585226049311179008,467.534880,-6.660204,-1.035898,-0.726823,-0.013089,0.025767,0.686217,1.013313,2
1585226049509179392,467.457316,-5.482837,-1.047082,-0.727805,-0.012898,0.026007,0.685169,1.013313,2
1585226049674179840,467.417108,-4.495807,-1.065033,-0.727177,-0.012965,0.025955,0.685836,1.013313,2
1585226049839180288,467.346239,-3.483587,-1.076236,-0.728886,-0.014467,0.023921,0.684065,1.013313,2
1585226050004180736,467.288846,-2.451528,-1.090442,-0.729552,-0.014680,0.024324,0.683335,1.013313,2
1585226050169180928,467.238404,-1.413269,-1.100809,-0.727650,-0.013803,0.024835,0.685360,1.013313,2
1585226050301181184,467.180580,-0.574369,-1.125027,-0.726277,-0.014270,0.024062,0.686833,1.013313,2
1585226050433181696,467.123222,0.284420,-1.143458,-0.726968,-0.014996,0.023631,0.686101,1.013313,2
1585226050565181952,467.070361,1.165457,-1.149268,-0.729094,-0.015726,0.024129,0.683807,1.013313,2
1585226050697182208,467.018800,2.038551,-1.164453,-0.729706,-0.015232,0.025744,0.683106,1.013313,2
1585226050829182464,466.964136,2.911655,-1.180073,-0.728485,-0.015645,0.026112,0.684385,1.013313,2
1585226050961182976,466.906369,3.797323,-1.190713,-0.726659,-0.017048,0.024907,0.686335,1.013313,2
1585226051093183232,466.853302,4.695925,-1.210884,-0.726499,-0.017020,0.024449,0.686522,1.013313,2
1585226051225183488,466.811674,5.611972,-1.217122,-0.727822,-0.016337,0.024407,0.685137,1.013313,2
1585226051357183744,466.766716,6.535904,-1.233157,-0.727741,-0.017034,0.023159,0.685249,1.013313,2
1585226051522184192,466.681807,7.675592,-1.235747,-0.725583,-0.018651,0.021064,0.687559,1.013313,2
1585226051654184448,466.641173,8.603687,-1.233122,-0.724713,-0.018526,0.021058,0.688480,1.013313,2
1585226051819184896,466.578619,9.784240,-1.226423,-0.725963,-0.017891,0.020765,0.687188,1.013313,2
1585226051951185152,466.516055,10.735327,-1.221087,-0.726249,-0.018381,0.019542,0.686908,1.013313,2
1585226052083185664,466.472413,11.676639,-1.237136,-0.724291,-0.017048,0.021016,0.688964,1.013313,2
1585226052215185920,466.433363,12.616643,-1.244833,-0.722034,-0.015494,0.022379,0.691322,1.013313,2
1585226052347186176,466.388235,13.581339,-1.259600,-0.722101,-0.015179,0.022221,0.691264,1.013313,2
1585226052479186432,466.334975,14.546102,-1.242333,-0.724538,-0.015276,0.022835,0.688687,1.013313,2
1585226052611186944,466.282642,15.522745,-1.238407,-0.726169,-0.015660,0.024138,0.686914,1.013313,2
1585226052743187200,466.230476,16.489695,-1.249197,-0.726017,-0.015461,0.025506,0.687030,1.013313,2
1585226052875187456,466.173311,17.454177,-1.254872,-0.725231,-0.015515,0.026934,0.687803,1.013313,2
1585226053007187712,466.119047,18.417237,-1.251195,-0.724762,-0.015694,0.028206,0.688243,1.013313,2
1585226053139188224,466.067331,19.376416,-1.247486,-0.724536,-0.016405,0.029209,0.688422,1.013313,2
1585226053271188480,466.004413,20.348837,-1.247830,-0.725582,-0.017179,0.030382,0.687250,1.013313,2
1585226053403188736,465.927000,21.308107,-1.236493,-0.726499,-0.018499,0.030316,0.686249,1.013313,2
1585226053535188992,465.855538,22.274883,-1.246470,-0.726633,-0.020559,0.028963,0.686107,1.013313,2
1585226053634189312,465.799228,22.997251,-1.252639,-0.726454,-0.020849,0.028786,0.686295,1.013313,2
1585226053733189632,465.740079,23.717412,-1.255288,-0.726628,-0.021136,0.028286,0.686123,1.013313,2
1585226053865189888,465.666350,24.688821,-1.280640,-0.726693,-0.021351,0.027120,0.686094,1.013313,2
1585226054030190080,465.567727,25.889979,-1.281709,-0.726276,-0.021622,0.025934,0.686574,1.013313,2
1585226054195190528,465.484005,27.085492,-1.290128,-0.726425,-0.021583,0.025323,0.686440,1.013313,2
1585226054360190976,465.389713,28.289988,-1.317844,-0.726784,-0.022014,0.023964,0.686095,1.013313,2
1585226054492191232,465.322186,29.244782,-1.320146,-0.726472,-0.021975,0.023465,0.686444,1.013313,2
1585226054591191552,465.281045,29.959462,-1.322753,-0.725314,-0.020169,0.024877,0.687673,1.013313,2
1585226054723191808,465.231576,30.911494,-1.334661,-0.722849,-0.018677,0.025717,0.690275,1.013313,2
1585226054855192064,465.167579,31.868070,-1.342161,-0.723340,-0.017566,0.025350,0.689803,1.013313,2
1585226054987192320,465.104792,32.839703,-1.367690,-0.727310,-0.015179,0.026835,0.685616,1.013313,2
1585226055086192640,465.075892,33.566064,-1.359358,-0.730449,-0.013402,0.027944,0.682264,1.013313,2
1585226055185192960,465.044548,34.281215,-1.362097,-0.730900,-0.012945,0.027495,0.681807,1.013313,2
1585226055317193216,464.986827,35.226327,-1.378369,-0.727562,-0.014112,0.025973,0.685404,1.013313,2
1585226055482193664,464.918536,36.388000,-1.391862,-0.722299,-0.015308,0.025304,0.690948,1.013313,2
1585226055647194112,464.866259,37.586066,-1.387480,-0.722432,-0.014373,0.025875,0.690809,1.013313,2
1585226055812194560,464.779598,38.787862,-1.387180,-0.726032,-0.015295,0.024236,0.687063,1.013313,2
1585226055944194816,464.716837,39.730427,-1.387912,-0.725990,-0.016559,0.022918,0.687124,1.013313,2
1585226056076195072,464.669026,40.678469,-1.390591,-0.724351,-0.016720,0.023328,0.688834,1.013313,2
1585226056175195392,464.632216,41.384741,-1.397294,-0.723459,-0.016099,0.024037,0.689761,1.013313,2
1585226056274195456,464.589602,42.094324,-1.400153,-0.723934,-0.015953,0.023696,0.689277,1.013313,2
1585226056373195776,464.543672,42.809830,-1.404026,-0.725596,-0.016457,0.022353,0.687561,1.013313,2
1585226056472196096,464.500987,43.524244,-1.411623,-0.726500,-0.017449,0.021061,0.686622,1.013313,2
1585226056604196352,464.455662,44.456237,-1.397602,-0.726336,-0.017293,0.021239,0.686794,1.013313,2
1585226056736196608,464.414237,45.394088,-1.403708,-0.725523,-0.015260,0.023163,0.687638,1.013313,2
1585226056868196864,464.382770,46.327031,-1.403915,-0.725993,-0.014024,0.023716,0.687150,1.013313,2
1585226057033197312,464.319848,47.493030,-1.393584,-0.726347,-0.015249,0.021560,0.686821,1.013313,2
1585226057165197568,464.256845,48.420441,-1.405833,-0.724585,-0.015764,0.021120,0.688681,1.013313,2
1585226057330198016,464.205212,49.569423,-1.418728,-0.723999,-0.015202,0.021483,0.689298,1.013313,2
1585226057495198464,464.142732,50.738706,-1.427150,-0.726794,-0.016351,0.019433,0.686386,1.013313,2
1585226057660198912,464.071162,51.882907,-1.433627,-0.727299,-0.017425,0.017974,0.685864,1.013313,2
1585226057825199360,464.024621,53.005024,-1.447462,-0.726130,-0.016684,0.020809,0.687040,1.013313,2
1585226057990199552,463.960138,54.120350,-1.448849,-0.728039,-0.019413,0.021202,0.684933,1.013313,2
1585226058122200064,463.896002,55.004428,-1.458395,-0.731268,-0.019973,0.022976,0.681411,1.013313,2
1585226058254200320,463.854502,55.858620,-1.461292,-0.730705,-0.018695,0.026936,0.681906,1.013313,2
1585226058386200576,463.794214,56.669837,-1.466284,-0.726635,-0.020652,0.027180,0.686175,1.013313,2
1585226058584200960,463.687493,57.850596,-1.477691,-0.722067,-0.023595,0.028096,0.690850,1.013313,2
1585226058782201600,463.611078,59.050032,-1.480039,-0.727371,-0.022536,0.032131,0.685121,1.013313,2
1585226058947202048,463.503505,60.009345,-1.475941,-0.727036,-0.026006,0.030161,0.685443,1.013313,2
1585226059145202432,463.403085,61.115971,-1.486921,-0.724398,-0.026912,0.032014,0.688112,1.013313,2
1585226059310202880,463.326569,62.030756,-1.486288,-0.725545,-0.026398,0.034081,0.686824,1.013313,2
1585226059475203072,463.245248,62.931287,-1.487998,-0.727933,-0.027128,0.034659,0.684234,1.013313,2
1585226059673203712,463.147851,63.942790,-1.487902,-0.727225,-0.028116,0.036569,0.684847,1.013313,2
1585226059871204096,463.047939,64.907484,-1.503316,-0.727387,-0.030914,0.038872,0.684428,1.013313,2
1585226060069204736,462.935683,65.817199,-1.517774,-0.727680,-0.035652,0.041533,0.683729,1.013313,2
1585226060267205120,462.825869,66.663968,-1.512987,-0.726112,-0.038749,0.049434,0.684701,1.013313,2
1585226060465205504,462.697177,67.472020,-1.515512,-0.722529,-0.046713,0.059483,0.687192,1.013313,2
1585226060663206144,462.500987,68.264356,-1.529563,-0.719577,-0.063090,0.070572,0.687931,1.013313,2
1585226060828206336,462.320216,68.916309,-1.524628,-0.720059,-0.077255,0.085883,0.684230,1.013313,2
1585226060993206784,462.120588,69.556356,-1.515558,-0.719162,-0.092281,0.104582,0.680700,1.013313,2
1585226061158207232,461.874216,70.164114,-1.514606,-0.716074,-0.111735,0.121254,0.678270,1.013313,2
1585226061323207680,461.585977,70.786596,-1.509338,-0.712109,-0.131913,0.137213,0.675776,1.013313,2
1585226061488207872,461.280773,71.370929,-1.502249,-0.708368,-0.151768,0.155275,0.671618,1.013313,2
1585226061653208320,460.921075,71.966831,-1.495355,-0.703643,-0.172477,0.173233,0.667179,1.013313,2
1585226061818208768,460.516710,72.541331,-1.501014,-0.697054,-0.193441,0.193531,0.662753,1.013313,2
1585226061983209216,460.077319,73.113972,-1.503147,-0.690541,-0.214313,0.216374,0.656053,1.013313,2
1585226062148209664,459.600287,73.632257,-1.498217,-0.682817,-0.236793,0.237357,0.649116,1.013313,2
1585226062280209920,459.165461,74.032755,-1.510447,-0.675300,-0.257731,0.250874,0.643900,1.013313,2
1585226062412210176,458.707593,74.439879,-1.502319,-0.668707,-0.278134,0.266213,0.636084,1.013313,2
1585226062544210432,458.243121,74.808163,-1.512347,-0.663335,-0.294269,0.285736,0.625897,1.013313,2
1585226062676210944,457.755802,75.185893,-1.513672,-0.657127,-0.308097,0.306306,0.615985,1.013313,2
1585226062808211200,457.228410,75.522866,-1.522872,-0.648107,-0.324829,0.322569,0.608599,1.013313,2
1585226062940211456,456.667977,75.823987,-1.529069,-0.636977,-0.343096,0.337132,0.602401,1.013313,2
1585226063072211712,456.103827,76.086438,-1.534450,-0.624902,-0.360718,0.353789,0.595159,1.013313,2
1585226063204211968,455.522257,76.352304,-1.528223,-0.615439,-0.375771,0.371949,0.584538,1.013313,2
1585226063336212480,454.911047,76.600306,-1.512174,-0.606672,-0.392533,0.385459,0.573836,1.013313,2
1585226063468212736,454.272839,76.799227,-1.518024,-0.598492,-0.405720,0.399944,0.563244,1.013313,2
1585226063567213056,453.795973,76.933929,-1.510035,-0.589522,-0.416350,0.409510,0.558049,1.013313,2
1585226063666213120,453.315710,77.057200,-1.497248,-0.581390,-0.424881,0.419751,0.552513,1.013313,2
1585226063798213632,452.643044,77.192322,-1.502708,-0.570607,-0.437606,0.430374,0.545607,1.013313,2
1585226063897213696,452.136194,77.289253,-1.503900,-0.564156,-0.444519,0.439835,0.539143,1.013313,2
1585226063996214016,451.613289,77.388458,-1.502942,-0.558950,-0.450928,0.449594,0.531135,1.013313,2
1585226064128214272,450.891942,77.499329,-1.486954,-0.554470,-0.460126,0.458950,0.519819,1.013313,2
1585226064260214528,450.164158,77.570937,-1.493516,-0.547101,-0.469927,0.466971,0.511651,1.013313,2
1585226064392215040,449.421295,77.615172,-1.498126,-0.539165,-0.478363,0.474929,0.504889,1.013313,2
1585226064524215296,448.649393,77.659008,-1.496109,0.534145,0.486025,-0.480166,-0.497906,1.013313,2
1585226064656215552,447.877886,77.684306,-1.494299,0.531589,0.491053,-0.484488,-0.491478,1.013313,2
1585226064788215808,447.090057,77.716901,-1.492237,0.529292,0.494227,-0.488836,-0.486445,1.013313,2
1585226064920216064,446.291007,77.733918,-1.494946,0.526951,0.496132,-0.492578,-0.483263,1.013313,2
1585226065052216576,445.485932,77.744918,-1.487584,0.524843,0.497714,-0.494825,-0.481632,1.013313,2
1585226065184216832,444.663014,77.742571,-1.496230,0.523574,0.499926,-0.495635,-0.479885,1.013313,2
1585226065316217088,443.823471,77.753579,-1.501176,0.522886,0.501080,-0.497288,-0.477718,1.013313,2
1585226065448217344,442.988266,77.756137,-1.499800,0.522402,0.501214,-0.499897,-0.475377,1.013313,2
1585226065580217856,442.131083,77.748301,-1.494088,0.519774,0.501702,-0.501956,-0.475574,1.013313,2
1585226065712218112,441.276463,77.729250,-1.481912,0.516346,0.502464,-0.503564,-0.476803,1.013313,2
1585226065844218368,440.395494,77.718491,-1.481458,0.514450,0.502777,-0.505800,-0.476153,1.013313,2
1585226065976218624,439.509268,77.698754,-1.469269,0.514419,0.503879,-0.506888,-0.473861,1.013313,2
1585226066075218944,438.830376,77.676308,-1.461616,0.514206,0.505219,-0.507116,-0.472419,1.013313,2
1585226066174219264,438.154609,77.651001,-1.452029,0.513056,0.506453,-0.507636,-0.471789,1.013313,2
1585226066273219328,437.477655,77.629890,-1.440618,0.511653,0.507202,-0.508748,-0.471309,1.013313,2
1585226066372219648,436.793579,77.601808,-1.432804,0.510342,0.507853,-0.509956,-0.470724,1.013313,2
1585226066471219968,436.107635,77.571958,-1.422988,-0.509826,-0.508576,0.511009,0.469359,1.013313,2
1585226066570220032,435.412118,77.546200,-1.415815,-0.509552,-0.509389,0.511769,0.467944,1.013313,2
1585226066669220352,434.712991,77.513558,-1.413842,-0.509305,-0.510412,0.511896,0.466959,1.013313,2
1585226066768220672,433.978960,77.479442,-1.421594,-0.508738,-0.511193,0.511846,0.466777,1.013313,2
1585226066900220928,433.047533,77.437600,-1.413468,-0.508469,-0.511614,0.512192,0.466229,1.013313,2
1585226067032221184,432.086258,77.385764,-1.417821,0.508185,0.512535,-0.511843,-0.465910,1.013313,2
1585226067164221440,431.111406,77.348641,-1.416066,-0.508958,-0.512198,0.512232,0.465009,1.013313,2
1585226067296221952,430.148525,77.303404,-1.410201,-0.509393,-0.512182,0.512431,0.464330,1.013313,2
1585226067428222208,429.163171,77.254368,-1.411144,-0.509054,-0.512214,0.512287,0.464826,1.013313,2
1585226067560222464,428.167826,77.204795,-1.414977,0.509376,0.512865,-0.511854,-0.464233,1.013313,2
1585226067659222784,427.424631,77.165809,-1.413537,0.509596,0.513373,-0.511445,-0.463879,1.013313,2
1585226067758222848,426.660279,77.132590,-1.420142,0.509491,0.513565,-0.511195,-0.464058,1.013313,2
1585226067890223360,425.665910,77.080545,-1.423777,0.508748,0.513492,-0.511134,-0.465020,1.013313,2
1585226067989223424,424.906140,77.042573,-1.427278,0.508460,0.513498,-0.510925,-0.465557,1.013313,2
1585226068121223936,423.905123,76.989149,-1.416381,0.508645,0.513689,-0.510459,-0.465657,1.013313,2
1585226068253224192,422.900198,76.940563,-1.393852,0.508390,0.513221,-0.510748,-0.466133,1.013313,2
1585226068385224448,421.874045,76.890563,-1.401093,0.508218,0.512389,-0.511408,-0.466512,1.013313,2
1585226068484224768,421.099673,76.853767,-1.404586,0.508446,0.512289,-0.511321,-0.466470,1.013313,2
1585226068583224832,420.319978,76.820979,-1.399771,0.509041,0.512549,-0.510821,-0.466082,1.013313,2
1585226068682225152,419.545053,76.787158,-1.395988,0.509911,0.512943,-0.510124,-0.465462,1.013313,2
1585226068781225472,418.760635,76.755695,-1.393404,0.510662,0.512666,-0.510172,-0.464888,1.013313,2
1585226068880225536,417.974393,76.725098,-1.393898,0.511426,0.512265,-0.510290,-0.464362,1.013313,2
1585226068979225856,417.179820,76.688147,-1.394867,0.510869,0.512085,-0.510076,-0.465408,1.013313,2
1585226069078226176,416.391686,76.650609,-1.394390,0.510561,0.512357,-0.509502,-0.466074,1.013313,2
1585226069177226240,415.607285,76.618262,-1.393595,0.510612,0.511469,-0.510305,-0.466116,1.013313,2
1585226069276226560,414.804320,76.584000,-1.391599,0.510575,0.511436,-0.510170,-0.466341,1.013313,2
1585226069375226880,413.999558,76.546682,-1.387925,0.509940,0.510998,-0.510132,-0.467555,1.013313,2
1585226069474226944,413.193285,76.509183,-1.384036,0.509059,0.510818,-0.509953,-0.468905,1.013313,2
1585226069573227264,412.385656,76.474812,-1.380094,0.508469,0.510373,-0.510219,-0.469740,1.013313,2
1585226069672227584,411.576174,76.443114,-1.377545,0.508687,0.510342,-0.510004,-0.469770,1.013313,2
1585226069804227840,410.490365,76.399371,-1.365625,0.509249,0.510659,-0.509257,-0.469627,1.013313,2
1585226069903227904,409.669348,76.367423,-1.359855,0.509991,0.511297,-0.508380,-0.469078,1.013313,2
1585226070002228224,408.849234,76.335445,-1.356966,0.510422,0.511595,-0.507864,-0.468844,1.013313,2
1585226070134228480,407.743481,76.290554,-1.355690,0.510720,0.512400,-0.506867,-0.468718,1.013313,2
1585226070233228800,406.904385,76.255971,-1.355511,0.510799,0.513141,-0.506045,-0.468710,1.013313,2
1585226070332229120,406.079666,76.221653,-1.353898,0.510326,0.513557,-0.505631,-0.469216,1.013313,2
1585226070431229184,405.255688,76.187165,-1.352982,0.509776,0.513626,-0.505474,-0.469908,1.013313,2
1585226070530229504,404.444686,76.153875,-1.351702,0.509017,0.513627,-0.505403,-0.470805,1.013313,2
1585226070629229824,403.630566,76.122815,-1.349268,0.508945,0.513284,-0.505654,-0.470986,1.013313,2
1585226070728229888,402.814841,76.095496,-1.343271,0.509235,0.512435,-0.506532,-0.470654,1.013313,2
1585226070827230208,401.986894,76.069322,-1.338320,0.509590,0.511471,-0.507542,-0.470231,1.013313,2
1585226070926230528,401.143969,76.033491,-1.338021,0.509629,0.511062,-0.507757,-0.470401,1.013313,2
1585226071025230592,400.337561,76.007476,-1.330276,0.510310,0.511311,-0.507529,-0.469638,1.013313,2
1585226071124230912,399.525435,75.980426,-1.325095,0.511316,0.511811,-0.507294,-0.468249,1.013313,2
1585226071223231232,398.715390,75.955749,-1.322689,0.512705,0.511821,-0.507349,-0.466658,1.013313,2
1585226071322231296,397.895555,75.928417,-1.323737,0.513885,0.511609,-0.507420,-0.465515,1.013313,2
1585226071454231808,396.798151,75.888020,-1.325217,0.513885,0.511081,-0.507815,-0.465663,1.013313,2
1585226071586232064,395.675241,75.838393,-1.329369,0.512185,0.510313,-0.508786,-0.467316,1.013313,2
1585226071718232320,394.592356,75.799953,-1.324845,0.511394,0.509483,-0.510131,-0.467622,1.013313,2
1585226071850232576,393.485709,75.757639,-1.319647,0.511769,0.509803,-0.509924,-0.467088,1.013313,2
1585226071982233088,392.380912,75.711260,-1.313671,0.512146,0.510786,-0.508917,-0.466698,1.013313,2
1585226072081233152,391.552262,75.674258,-1.311770,0.511790,0.511435,-0.508495,-0.466838,1.013313,2
1585226072180233472,390.718531,75.639041,-1.311637,0.511239,0.511668,-0.508856,-0.466793,1.013313,2
1585226072279233792,389.888437,75.604678,-1.310357,0.510564,0.511704,-0.509580,-0.466702,1.013313,2
1585226072378233856,389.058185,75.570029,-1.309863,0.510099,0.511485,-0.510349,-0.466611,1.013313,2
1585226072477234176,388.233242,75.533296,-1.304613,0.509769,0.511795,-0.510557,-0.466404,1.013313,2
1585226072576234496,387.395853,75.491322,-1.303695,0.509721,0.513063,-0.509677,-0.466026,1.013313,2
1585226072675234560,386.566052,75.450602,-1.300137,0.509990,0.514090,-0.509142,-0.465184,1.013313,2
1585226072774234880,385.738647,75.415121,-1.294771,0.509550,0.512808,-0.511138,-0.464893,1.013313,2
1585226072873235200,384.906274,75.374970,-1.292711,0.508572,0.512489,-0.512064,-0.465296,1.013313,2
1585226072972235264,384.073887,75.326607,-1.293737,0.507250,0.513235,-0.511706,-0.466309,1.013313,2
1585226073071235584,383.235931,75.283175,-1.284987,0.507563,0.513811,-0.511736,-0.465300,1.013313,2
1585226073170235904,382.405668,75.243708,-1.275796,0.508669,0.514799,-0.511538,-0.463214,1.013313,2
1585226073269235968,381.581025,75.202575,-1.277390,0.508497,0.513721,-0.513086,-0.462886,1.013313,2
1585226073368236288,380.757316,75.162988,-1.276754,-0.509353,-0.513035,0.514021,0.461668,1.013313,2
1585226073467236608,379.892683,75.114482,-1.277357,-0.509993,-0.513400,0.514048,0.460524,1.013313,2
1585226073566236672,379.082639,75.070468,-1.270595,-0.509677,-0.513817,0.514241,0.460193,1.013313,2
1585226073665236992,378.228652,75.021038,-1.269312,-0.509094,-0.513721,0.515106,0.459978,1.013313,2
1585226073764237312,377.391063,74.971298,-1.270004,-0.508194,-0.513462,0.516179,0.460059,1.013313,2
1585226073863237376,376.560900,74.918697,-1.261793,-0.506281,-0.513821,0.516468,0.461442,1.013313,2
1585226073962237696,375.724694,74.857437,-1.252519,-0.504209,-0.514438,0.516201,0.463317,1.013313,2
1585226074094237952,374.598189,74.770794,-1.254890,-0.502496,-0.515377,0.516125,0.464219,1.013313,2
1585226074226238464,373.469229,74.697475,-1.248839,0.503022,0.516625,-0.515675,-0.462760,1.013313,2
1585226074325238528,372.620300,74.644293,-1.246073,0.503892,0.518300,-0.514572,-0.461165,1.013313,2
1585226074424238848,371.776736,74.586054,-1.242666,0.505286,0.519167,-0.514314,-0.458948,1.013313,2
1585226074523239168,370.926600,74.533163,-1.244073,0.506806,0.520030,-0.514284,-0.456321,1.013313,2
1585226074655239424,369.811046,74.452907,-1.246408,0.505266,0.521905,-0.514117,-0.456076,1.013313,2
1585226074787239680,368.693232,74.352870,-1.250849,0.501698,0.520901,-0.517430,-0.457413,1.013313,2
1585226074886240000,367.859972,74.282540,-1.254444,0.498509,0.520680,-0.520156,-0.458059,1.013313,2
1585226074985240064,367.020628,74.202787,-1.252465,0.496457,0.522504,-0.520795,-0.457484,1.013313,2
1585226075084240384,366.182860,74.111790,-1.239386,0.495332,0.525437,-0.520654,-0.455501,1.013313,2
1585226075183240704,365.337251,74.022947,-1.233656,0.493556,0.527841,-0.521552,-0.453618,1.013313,2
1585226075282240768,364.501967,73.928155,-1.227842,0.491541,0.529553,-0.523022,-0.452116,1.013313,2
1585226075381241088,363.663176,73.830231,-1.229061,0.489387,0.531408,-0.524317,-0.450773,1.013313,2
1585226075480241408,362.827121,73.721828,-1.227795,0.486694,0.533699,-0.525209,-0.449943,1.013313,2
1585226075579241472,361.995705,73.600778,-1.221656,0.483744,0.536081,-0.525821,-0.449579,1.013313,2
1585226075678241792,361.165731,73.477091,-1.214629,0.480800,0.537393,-0.527177,-0.449583,1.013313,2
1585226075777242112,360.313119,73.353725,-1.218800,0.478342,0.539318,-0.527384,-0.449656,1.013313,2
1585226075876242176,359.488060,73.234176,-1.214701,0.476256,0.541355,-0.526935,-0.449949,1.013313,2
1585226075975242496,358.657114,73.100588,-1.202904,0.475048,0.543734,-0.526108,-0.449325,1.013313,2
1585226076074242816,357.833427,72.967924,-1.189228,0.473566,0.545222,-0.525951,-0.449270,1.013313,2
1585226076173242880,356.999729,72.833709,-1.179966,0.472746,0.546587,-0.525076,-0.449500,1.013313,2
1585226076272243200,356.167849,72.701945,-1.179144,0.471945,0.547607,-0.523814,-0.450570,1.013313,2
1585226076371243520,355.313421,72.566626,-1.179752,0.471892,0.548774,-0.521642,-0.451724,1.013313,2
1585226076470243584,354.504065,72.445921,-1.170888,0.471952,0.547752,-0.521514,-0.453047,1.013313,2
1585226076569243904,353.667817,72.328563,-1.167987,0.472249,0.546522,-0.521367,-0.454391,1.013313,2
1585226076668244224,352.831228,72.212913,-1.166665,0.472637,0.545052,-0.520960,-0.456216,1.013313,2
1585226076767244288,352.006464,72.099201,-1.154961,0.473785,0.544649,-0.519369,-0.457320,1.013313,2
1585226076866244608,351.155489,71.988572,-1.147773,0.475634,0.544163,-0.517671,-0.457903,1.013313,2
1585226076965244928,350.325608,71.889529,-1.144818,0.477355,0.543409,-0.516055,-0.458832,1.013313,2
1585226077064244992,349.469852,71.786401,-1.159323,0.478909,0.542092,-0.514677,-0.460314,1.013313,2
1585226077196245504,348.345984,71.656656,-1.167540,0.480894,0.540165,-0.512867,-0.462525,1.013313,2
1585226077295245568,347.514350,71.573994,-1.158639,0.482529,0.539322,-0.511171,-0.463683,1.013313,2
1585226077394245888,346.669800,71.494636,-1.159353,0.484890,0.538165,-0.509803,-0.464070,1.013313,2
1585226077493246208,345.826162,71.420111,-1.159462,0.487310,0.535982,-0.509521,-0.464371,1.013313,2
1585226077592246272,344.989644,71.347416,-1.154954,0.487630,0.534293,-0.508965,-0.466586,1.013313,2
1585226077691246592,344.157337,71.273272,-1.140876,0.487615,0.531665,-0.509544,-0.468966,1.013313,2
1585226077790246912,343.335704,71.215133,-1.132849,0.489894,0.529047,-0.510343,-0.468682,1.013313,2
1585226077889246976,342.484144,71.164437,-1.129376,0.492526,0.528215,-0.509652,-0.467612,1.013313,2
1585226077988247296,341.636079,71.108583,-1.119804,0.494724,0.528047,-0.507957,-0.467326,1.013313,2
1585226078087247616,340.797719,71.048299,-1.107322,0.495739,0.527139,-0.507220,-0.468075,1.013313,2
1585226078153247744,340.248761,71.008792,-1.103810,0.495461,0.526017,-0.507577,-0.469244,1.013313,2
1585226078219247872,339.675447,70.964190,-1.103546,0.494751,0.525277,-0.507595,-0.470800,1.013313,2
1585226078318248192,338.859621,70.907015,-1.102386,0.493804,0.524571,-0.506973,-0.473245,1.013313,2
1585226078417248256,338.019468,70.849400,-1.096390,0.493651,0.524418,-0.505889,-0.474732,1.013313,2
1585226078516248576,337.179690,70.798340,-1.087826,0.494342,0.524521,-0.504635,-0.475234,1.013313,2
1585226078615248896,336.336748,70.749655,-1.081338,0.495641,0.524999,-0.502991,-0.475096,1.013313,2
1585226078714248960,335.495240,70.706043,-1.074988,0.496751,0.525647,-0.501215,-0.475097,1.013313,2
1585226078813249280,334.665823,70.658986,-1.072753,0.497546,0.525394,-0.500540,-0.475256,1.013313,2
1585226078912249600,333.836667,70.618730,-1.072017,0.498432,0.524954,-0.500220,-0.475152,1.013313,2
1585226079011249664,332.992756,70.574665,-1.071134,0.499114,0.524224,-0.500280,-0.475178,1.013313,2
1585226079110249984,332.192011,70.536408,-1.066265,0.500025,0.524316,-0.499393,-0.475053,1.013313,2
1585226079209250304,331.369891,70.496433,-1.064678,0.500475,0.524109,-0.498976,-0.475245,1.013313,2
1585226079308250368,330.558335,70.446371,-1.063201,0.499352,0.525934,-0.496722,-0.476768,1.013313,2
1585226079407250688,329.747011,70.402705,-1.063788,0.497985,0.524544,-0.497665,-0.478742,1.013313,2
1585226079506251008,328.940303,70.360173,-1.062773,0.496511,0.524455,-0.498003,-0.480017,1.013313,2
1585226079605251072,328.094056,70.319904,-1.063936,0.496539,0.524859,-0.497850,-0.479707,1.013313,2
1585226079704251392,327.319452,70.280361,-1.063559,0.498997,0.526438,-0.496142,-0.477187,1.013313,2
1585226079803251712,326.510788,70.240167,-1.055799,0.499844,0.527871,-0.494992,-0.475911,1.013313,2
1585226079902251776,325.715321,70.197176,-1.056646,0.498911,0.527269,-0.495641,-0.476880,1.013313,2
1585226080001252096,324.926144,70.156566,-1.067200,0.496669,0.525218,-0.498271,-0.478740,1.013313,2
1585226080100252416,324.128698,70.117074,-1.068400,0.496472,0.525284,-0.498876,-0.478241,1.013313,2
1585226080166252544,323.563884,70.091711,-1.061801,0.497512,0.525689,-0.498658,-0.476942,1.013313,2
1585226080232252672,323.064837,70.066943,-1.058153,0.498564,0.525853,-0.498546,-0.475778,1.013313,2
1585226080331252992,322.277630,70.016791,-1.055357,0.498341,0.526278,-0.498129,-0.475979,1.013313,2
1585226080430253056,321.474773,69.978956,-1.056008,0.496590,0.526039,-0.498387,-0.477799,1.013313,2
1585226080529253376,320.685931,69.932293,-1.056775,0.494254,0.526469,-0.498081,-0.480062,1.013313,2
1585226080628253696,319.892366,69.897518,-1.054911,0.495035,0.525945,-0.498847,-0.479034,1.013313,2
1585226080727253760,319.100941,69.873949,-1.052172,0.498996,0.524490,-0.500398,-0.474885,1.013313,2
1585226080826254080,318.306788,69.853440,-1.049424,0.502117,0.524901,-0.499282,-0.472308,1.013313,2
1585226080925254400,317.523745,69.812210,-1.050232,0.503231,0.525714,-0.497416,-0.472188,1.013313,2
1585226081024254464,316.750749,69.772591,-1.052062,0.502751,0.524851,-0.497897,-0.473151,1.013313,2
1585226081123254784,316.001526,69.742470,-1.045302,0.501455,0.521841,-0.501292,-0.474269,1.013313,2
1585226081222255104,315.249794,69.712723,-1.037553,0.500397,0.519169,-0.503986,-0.475462,1.013313,2
1585226081321255168,314.481854,69.683360,-1.033418,0.498636,0.517758,-0.504821,-0.477958,1.013313,2
1585226081420255488,313.723346,69.634869,-1.019900,0.498344,0.519434,-0.502599,-0.478786,1.013313,2
1585226081519255808,312.951956,69.599225,-1.010771,0.499342,0.521366,-0.500190,-0.478168,1.013313,2
1585226081618255872,312.180062,69.561526,-1.006224,0.500959,0.522551,-0.498391,-0.477061,1.013313,2
1585226081717256192,311.435184,69.526564,-1.004675,0.501115,0.523738,-0.496383,-0.477689,1.013313,2
1585226081816256512,310.681878,69.490541,-1.007405,0.500981,0.524300,-0.494656,-0.479002,1.013313,2
1585226081915256576,309.936782,69.466897,-1.009232,0.502079,0.522704,-0.495290,-0.478942,1.013313,2
1585226082014256896,309.191393,69.444345,-1.012278,0.502608,0.522364,-0.495125,-0.478928,1.013313,2
1585226082113257216,308.444931,69.415750,-1.014957,0.503344,0.523355,-0.493511,-0.478740,1.013313,2
1585226082212257280,307.704997,69.384552,-1.017244,0.503627,0.524057,-0.492064,-0.479163,1.013313,2
1585226082311257600,306.975109,69.364416,-1.013057,0.504180,0.523110,-0.493017,-0.478637,1.013313,2
1585226082410257664,306.254851,69.341191,-1.014243,0.502582,0.521391,-0.494393,-0.480767,1.013313,2
1585226082509257984,305.538132,69.315762,-1.019664,0.501068,0.519687,-0.495463,-0.483086,1.013313,2
1585226082575258112,305.037187,69.304411,-1.027639,0.500863,0.519596,-0.495291,-0.483573,1.013313,2
1585226082674258432,304.335341,69.279350,-1.015924,0.502394,0.520341,-0.494354,-0.482140,1.013313,2
1585226082773258752,303.640532,69.265763,-1.009604,0.505048,0.521465,-0.492968,-0.479566,1.013313,2
1585226082872258816,302.913281,69.245559,-1.005533,0.506889,0.521962,-0.491910,-0.478166,1.013313,2
1585226083004259072,301.981462,69.223161,-1.014800,0.507518,0.522334,-0.491013,-0.478016,1.013313,2
1585226083136259584,301.098637,69.191170,-1.014238,0.507661,0.522100,-0.491046,-0.478086,1.013313,2
1585226083268259840,300.230924,69.172439,-1.017662,0.508631,0.521120,-0.492104,-0.477034,1.013313,2
1585226083367260160,299.598197,69.156796,-1.017359,0.508699,0.520926,-0.492466,-0.476800,1.013313,2
1585226083499260416,298.773172,69.127767,-1.019243,0.507792,0.521766,-0.492011,-0.477319,1.013313,2
1585226083664260864,297.781464,69.092384,-1.016373,0.505701,0.522475,-0.491967,-0.478805,1.013313,2
1585226083796261120,297.034376,69.069134,-1.012378,0.504592,0.521799,-0.493150,-0.479496,1.013313,2
1585226083928261376,296.317683,69.045994,-1.010386,0.504525,0.520743,-0.493869,-0.479973,1.013313,2
1585226084093261824,295.426077,69.017550,-1.017967,0.505231,0.521064,-0.491480,-0.481333,1.013313,2
1585226084291262208,294.486609,68.977641,-1.013833,0.507608,0.522163,-0.484918,-0.484288,1.013313,2
1585226084456262656,293.742667,68.985744,-1.010650,0.511172,0.517234,-0.483132,-0.487602,1.013313,2
1585226084654263040,292.922225,69.021866,-1.007670,0.517516,0.508497,-0.477999,-0.495101,1.013313,2
1585226084819263488,292.293268,69.065238,-1.009382,-0.523969,-0.501525,0.468904,0.504042,1.013313,2
1585226084984263936,291.716537,69.136740,-1.012814,-0.532380,-0.492356,0.458625,0.513634,1.013313,2
1585226085149264384,291.185343,69.245819,-1.006075,-0.543859,-0.480297,0.448020,0.522313,1.013313,2
1585226085314264832,290.679085,69.379441,-1.000289,-0.555215,-0.465321,0.435201,0.534614,1.013313,2
1585226085479265024,290.172370,69.536250,-0.995471,-0.566896,-0.448856,0.419046,0.549142,1.013313,2
1585226085644265472,289.724306,69.734483,-0.997133,-0.580377,-0.430621,0.402514,0.561882,1.013313,2
1585226085809265920,289.281674,69.966360,-0.994226,-0.594293,-0.409347,0.387550,0.573634,1.013313,2
1585226085974266368,288.862117,70.223786,-0.991812,-0.606933,-0.387649,0.372523,0.585309,1.013313,2
1585226086139266560,288.448485,70.507740,-0.989077,-0.620107,-0.367295,0.355658,0.595037,1.013313,2
1585226086304267008,288.028198,70.823668,-0.984978,-0.633336,-0.347069,0.337883,0.603542,1.013313,2
1585226086469267456,287.651651,71.164255,-0.986756,-0.647097,-0.326192,0.318099,0.611291,1.013313,2
1585226086634267904,287.270531,71.532504,-0.985163,-0.658623,-0.307040,0.296883,0.619518,1.013313,2
1585226086799268352,286.903362,71.927398,-0.993192,-0.668614,-0.287184,0.274541,0.628576,1.013313,2
1585226086931268608,286.623581,72.273336,-0.997144,-0.676278,-0.269823,0.259553,0.634409,1.013313,2
1585226087063268864,286.382041,72.639461,-1.000263,-0.683167,-0.249945,0.247541,0.639948,1.013313,2
1585226087195269120,286.142332,73.020641,-1.006481,-0.688949,-0.230722,0.234063,0.646012,1.013313,2
1585226087327269632,285.897684,73.412627,-1.018591,-0.693744,-0.214398,0.217521,0.652256,1.013313,2
1585226087459269888,285.644788,73.813706,-1.029131,-0.697689,-0.201137,0.197170,0.658709,1.013313,2
1585226087591270144,285.433303,74.234708,-1.035400,-0.701852,-0.187139,0.177389,0.664015,1.013313,2
1585226087690270464,285.289060,74.575674,-1.036796,-0.705862,-0.174575,0.165256,0.666313,1.013313,2
1585226087822270720,285.121875,75.042504,-1.035107,-0.711116,-0.156730,0.150874,0.668570,1.013313,2
1585226087954270976,284.939872,75.521632,-1.038033,-0.713544,-0.140735,0.138267,0.672258,1.013313,2
1585226088086271232,284.804702,76.002499,-1.045990,-0.713690,-0.128208,0.126360,0.676936,1.013313,2
1585226088218271744,284.653672,76.504699,-1.049585,-0.713867,-0.118557,0.114419,0.680622,1.013313,2
1585226088350272000,284.489734,76.992058,-1.059223,-0.713947,-0.111381,0.104109,0.683400,1.013313,2
1585226088482272256,284.349361,77.496873,-1.065673,-0.714404,-0.104651,0.095440,0.685249,1.013313,2
1585226088614272512,284.222211,78.014682,-1.068567,-0.716157,-0.096983,0.086150,0.685778,1.013313,2
1585226088779272960,284.065185,78.690720,-1.074244,-0.720148,-0.086789,0.074509,0.684326,1.013313,2
1585226088977273344,283.906785,79.527841,-1.088924,-0.723399,-0.075128,0.059575,0.683740,1.013313,2
1585226089142273792,283.778213,80.235099,-1.111130,-0.724391,-0.064128,0.047365,0.684764,1.013313,2
1585226089307274240,283.437315,81.256482,-1.228258,-0.723673,-0.052128,0.031623,0.687445,1.013313,2
1585226089472274688,283.623339,81.679873,-1.129946,-0.724366,-0.043960,0.024880,0.687563,1.013313,2
1585226089637275136,283.603139,82.406759,-1.098587,-0.726049,-0.035502,0.017572,0.686501,1.013313,2
1585226089802275328,283.474314,83.110724,-1.120888,-0.727203,-0.026560,0.004062,0.685897,1.013313,2
1585226089967275776,283.547880,83.941548,-1.103969,-0.728090,-0.019094,-0.002951,0.685209,1.013313,2
1585226090099276032,283.551419,84.564587,-1.122864,-0.728954,-0.013649,-0.004421,0.684413,1.013313,2
1585226090231276544,283.575429,85.189863,-1.108295,-0.728062,-0.008683,-0.006615,0.685424,1.013313,2
1585226090363276800,283.566991,85.821470,-1.131747,-0.726957,-0.005407,-0.008765,0.686605,1.013313,2
1585226090495277056,283.582753,86.456587,-1.122771,-0.726406,-0.003801,-0.012317,0.687145,1.013313,2
1585226090627277312,283.588894,87.112819,-1.129539,-0.726061,-0.001694,-0.015795,0.687447,1.013313,2
1585226090759277568,283.611494,87.767332,-1.131612,-0.725475,0.001349,-0.017676,0.688020,1.013313,2
1585226090891278080,283.636737,88.428494,-1.166014,-0.725682,0.006065,-0.016715,0.687800,1.013313,2
1585226091023278336,283.691050,89.095143,-1.128125,-0.725393,0.010690,-0.016747,0.688048,1.013313,2
1585226091122278656,283.710693,89.600122,-1.129307,-0.725356,0.011962,-0.018035,0.688034,1.013313,2
1585226091254278912,283.727156,90.278040,-1.130850,-0.724987,0.011800,-0.020344,0.688361,1.013313,2
1585226091386279168,283.755198,90.959040,-1.128676,-0.724955,0.012634,-0.021188,0.688355,1.013313,2
1585226091518279424,283.791731,91.646733,-1.130273,-0.724854,0.014227,-0.020508,0.688450,1.013313,2
1585226091650279936,283.834228,92.335829,-1.130402,-0.724271,0.015683,-0.020109,0.689044,1.013313,2
1585226091782280192,283.875742,93.032932,-1.134129,-0.724381,0.016735,-0.020308,0.688898,1.013313,2
1585226091914280448,283.914417,93.738016,-1.138699,-0.724872,0.018236,-0.019699,0.688360,1.013313,2
1585226092046280704,283.958549,94.445840,-1.140458,-0.724899,0.019481,-0.019400,0.688307,1.013313,2
1585226092178280960,283.995207,95.155757,-1.136230,-0.724063,0.019336,-0.019493,0.689187,1.013313,2
1585226092310281472,284.024019,95.874388,-1.134405,-0.724032,0.019018,-0.018160,0.689265,1.013313,2
1585226092409281536,284.053524,96.422284,-1.137971,-0.724957,0.019288,-0.015568,0.688348,1.013313,2
1585226092508281856,284.084051,96.971047,-1.141954,-0.726030,0.020271,-0.011469,0.687268,1.013313,2
1585226092607282176,284.114756,97.524333,-1.142201,-0.727574,0.020656,-0.008096,0.685670,1.013313,2
1585226092706282240,284.127912,98.079953,-1.145819,-0.728966,0.019920,-0.006234,0.684232,1.013313,2
1585226092838282752,284.140142,98.816954,-1.149318,-0.729360,0.017513,-0.004796,0.683890,1.013313,2
1585226092937282816,284.147498,99.365451,-1.154315,-0.728409,0.015920,-0.003016,0.684950,1.013313,2
1585226093069283328,284.163773,100.096827,-1.178165,-0.726687,0.014691,0.000976,0.686811,1.013313,2
1585226093201283584,284.177668,100.831759,-1.179770,-0.725929,0.013868,0.005390,0.687608,1.013313,2
1585226093333283840,284.182379,101.576256,-1.187273,-0.725904,0.011264,0.008242,0.687655,1.013313,2
1585226093465284096,284.162387,102.318931,-1.189693,-0.726131,0.007377,0.009660,0.687449,1.013313,2
1585226093597284352,284.124925,103.058036,-1.190023,-0.726411,0.003325,0.009838,0.687182,1.013313,2
1585226093729284864,284.037133,103.762462,-1.191583,-0.726614,0.000310,0.009699,0.686978,1.013313,2
1585226093828284928,283.998931,104.171171,-1.214185,-0.727180,-0.003199,0.009750,0.686370,1.013313,2
1585226093927285248,284.032326,105.036496,-1.190095,-0.728204,-0.004528,0.008926,0.685287,1.013313,2
1585226094026285568,284.044528,105.463168,-1.220485,-0.729944,-0.006629,0.009855,0.683404,1.013313,2
1585226094125285632,284.019670,106.008856,-1.233255,-0.731524,-0.007390,0.009936,0.681703,1.013313,2
1585226094224285952,284.005839,106.556344,-1.239505,-0.731909,-0.008513,0.009975,0.681276,1.013313,2
1585226094323286272,283.980179,107.076279,-1.249291,-0.730382,-0.010011,0.007851,0.682920,1.013313,2
1585226094422286336,283.826136,107.415571,-1.245842,-0.728403,-0.011564,0.003148,0.685045,1.013313,2
1585226094521286656,283.919632,108.145128,-1.256975,-0.726031,-0.012213,0.001789,0.687551,1.013313,2
1585226094620286976,283.924134,108.697891,-1.264316,-0.724571,-0.011045,0.003050,0.689105,1.013313,2
1585226094719287040,283.929361,109.228775,-1.259241,-0.723215,-0.010198,0.002837,0.690542,1.013313,2
1585226094818287360,283.925869,109.774906,-1.245156,-0.723478,-0.009699,0.000947,0.690278,1.013313,2
1585226094917287680,283.968471,110.464283,-1.205375,-0.723868,-0.011031,-0.002518,0.689846,1.013313,2
1585226095016287744,283.972695,111.023216,-1.195317,-0.724487,-0.011995,-0.003898,0.689173,1.013313,2
1585226095115288064,283.944055,111.518007,-1.252431,-0.724632,-0.010950,-0.002994,0.689043,1.013313,2
1585226095214288384,283.882003,111.926633,-1.264013,-0.725789,-0.009008,-0.001766,0.687856,1.013313,2
1585226095313288448,283.899654,112.499594,-1.288138,-0.727573,-0.006950,-0.001539,0.685993,1.013313,2
1585226095412288768,283.869218,112.991562,-1.278442,-0.729334,-0.007202,-0.002777,0.684114,1.013313,2
1585226095511289088,283.871630,113.559824,-1.285980,-0.729276,-0.007735,-0.004964,0.684158,1.013313,2
1585226095610289152,283.936944,114.153501,-1.272472,-0.727822,-0.007590,-0.006262,0.685696,1.013313,2
1585226095709289472,283.849549,114.565893,-1.288228,-0.725983,-0.006189,-0.007605,0.687643,1.013313,2
1585226095775289600,283.851789,114.914169,-1.291063,-0.724918,-0.004190,-0.007260,0.688785,1.013313,2
1585226095841289728,283.887935,115.290431,-1.296557,-0.723444,-0.002184,-0.006571,0.690348,1.013313,2
1585226095907289856,283.703401,115.438492,-1.298619,-0.722909,-0.000148,-0.007736,0.690900,1.013313,2
1585226096006290176,283.818021,116.084698,-1.298761,-0.722815,0.001110,-0.006848,0.691007,1.013313,2
1585226096105290496,283.831835,116.634186,-1.306971,-0.724364,0.000600,-0.008568,0.689365,1.013313,2
1585226096204290560,283.831668,117.172446,-1.305320,-0.725525,-0.000300,-0.010794,0.688111,1.013313,2
1585226096303290880,283.831651,117.705518,-1.304237,-0.725728,-0.000986,-0.012377,0.687870,1.013313,2
1585226096435291136,283.831547,118.421112,-1.303737,-0.725448,-0.000817,-0.012958,0.688154,1.013313,2
1585226096567291648,283.841444,119.133874,-1.302861,-0.725343,-0.000206,-0.012931,0.688266,1.013313,2
1585226096666291712,283.860941,119.682952,-1.329656,-0.724966,-0.000080,-0.014413,0.688634,1.013313,2
1585226096765292032,283.847399,120.223540,-1.427202,-0.725366,-0.001016,-0.016547,0.688164,1.013313,2
1585226096864292352,283.844530,120.755243,-1.334406,-0.726758,-0.001590,-0.017563,0.686667,1.013313,2
1585226096963292416,283.868145,121.287828,-1.323820,-0.726048,-0.000215,-0.017955,0.687409,1.013313,2
1585226097095292928,283.890751,121.987525,-1.326878,-0.723711,0.001301,-0.017705,0.689874,1.013313,2
1585226097260293120,283.913438,122.871066,-1.318842,-0.723251,0.004297,-0.016193,0.690382,1.013313,2
1585226097425293568,283.918883,123.754745,-1.336842,-0.725888,0.005211,-0.015877,0.687610,1.013313,2
1585226097557293824,283.943386,124.467684,-1.328021,-0.728981,0.004874,-0.016564,0.684316,1.013313,2
1585226097689294336,283.962843,125.160939,-1.326682,-0.729220,0.004709,-0.016094,0.684074,1.013313,2
1585226097821294592,283.968947,125.847160,-1.344559,-0.726322,0.004339,-0.015132,0.687174,1.013313,2
1585226097953294848,283.987522,126.538304,-1.352452,-0.724270,0.005219,-0.014047,0.689354,1.013313,2
1585226098118295296,283.998494,127.426093,-1.349799,-0.723874,0.004224,-0.014585,0.689765,1.013313,2
1585226098283295744,284.008771,128.295679,-1.325095,-0.722948,0.001996,-0.015812,0.690719,1.013313,2
1585226098448296192,284.039027,129.198613,-1.330841,-0.722772,0.001602,-0.014768,0.690927,1.013313,2
1585226098580296448,284.402946,130.323699,-1.219136,-0.723821,0.001631,-0.011437,0.689891,1.013313,2
1585226098712296960,284.033166,130.662912,-1.335218,-0.725096,0.004312,-0.011927,0.688531,1.013313,2
1585226098811297024,283.770013,131.100502,-1.366663,-0.725439,0.005956,-0.013206,0.688134,1.013313,2
1585226098910297344,284.053757,131.717987,-1.341744,-0.725021,0.003481,-0.010994,0.688630,1.013313,2
1585226099009297664,283.996274,132.247897,-1.338634,-0.723725,0.003455,-0.010137,0.690006,1.013313,2
1585226099141297920,284.062694,132.985281,-1.359733,-0.721711,0.002379,-0.009133,0.692130,1.013313,2
1585226099273298176,284.104169,133.724331,-1.362177,-0.722134,0.000653,-0.008158,0.691705,1.013313,2
1585226099405298432,284.085228,134.466970,-1.377596,-0.724567,0.001077,-0.007261,0.689166,1.013313,2
1585226099537298944,284.087948,135.212669,-1.374873,-0.727089,0.001718,-0.006153,0.686514,1.013313,2
1585226099669299200,284.090384,135.956094,-1.385088,-0.728338,0.001414,-0.006243,0.685188,1.013313,2
1585226099801299456,284.079563,136.692477,-1.397438,-0.727075,-0.001008,-0.008023,0.686511,1.013313,2
1585226099966299904,284.077008,137.611038,-1.408520,-0.726767,-0.002717,-0.009822,0.686809,1.013313,2
1585226100098300160,284.089794,138.362067,-1.415541,-0.727731,-0.001599,-0.008878,0.685803,1.013313,2
1585226100230300416,284.116329,139.108239,-1.414831,-0.728064,-0.000897,-0.009294,0.685445,1.013313,2
1585226100362300928,284.106728,139.846826,-1.431308,-0.728044,-0.001014,-0.011803,0.685428,1.013313,2
1585226100461300992,284.110200,140.404855,-1.436625,-0.727275,-0.001022,-0.012729,0.686227,1.013313,2
1585226100560301312,284.119460,140.953563,-1.441744,-0.726184,-0.000057,-0.012475,0.687387,1.013313,2
1585226100626301440,284.128744,141.323561,-1.444145,-0.725865,0.000659,-0.012139,0.687729,1.013313,2
1585226100725301760,284.140716,141.883407,-1.450794,-0.725892,0.001951,-0.011633,0.687708,1.013313,2
1585226100857302016,284.149495,142.644978,-1.463949,-0.726561,0.001761,-0.012556,0.686985,1.013313,2
1585226100989302272,284.160678,143.384769,-1.467820,-0.727396,0.001753,-0.012763,0.686097,1.013313,2
1585226101121302528,284.176101,144.132206,-1.470098,-0.727371,0.002473,-0.012377,0.686129,1.013313,2
1585226101253303040,284.188576,144.878847,-1.474194,-0.725585,0.002327,-0.012561,0.688014,1.013313,2
1585226101352303104,284.192122,145.429226,-1.488107,-0.723698,0.001850,-0.012792,0.689996,1.013313,2
1585226101451303424,284.203549,145.981697,-1.487467,-0.723099,0.001293,-0.013321,0.690614,1.013313,2
1585226101583303680,284.218733,146.741713,-1.482507,-0.723951,0.001069,-0.014072,0.689707,1.013313,2
1585226101748304128,284.427159,147.909736,-1.416070,-0.724811,0.000245,-0.015361,0.688776,1.013313,2
1585226101880304384,284.294066,148.490810,-1.456514,-0.724072,-0.000391,-0.016244,0.689533,1.013313,2
1585226101979304704,284.360116,149.418005,-1.437450,-0.722942,-0.000201,-0.016837,0.690704,1.013313,2
1585226102111304960,284.247266,149.727720,-1.482530,-0.722775,-0.000233,-0.015987,0.690898,1.013313,2
1585226102210305280,284.216340,150.215888,-1.495078,-0.722816,0.000516,-0.015537,0.690866,1.013313,2
1585226102309305344,284.132788,150.428677,-1.522452,-0.723241,0.002024,-0.015103,0.690428,1.013313,2
1585226102408305664,284.225862,151.303879,-1.497820,-0.724044,0.002063,-0.014767,0.689593,1.013313,2
1585226102507305984,284.251948,151.896710,-1.492941,-0.724485,0.001913,-0.015012,0.689124,1.013313,2
1585226102639306240,284.265926,152.656627,-1.495707,-0.725084,0.001435,-0.015271,0.688490,1.013313,2
1585226102738306560,284.277631,153.211538,-1.499457,-0.725826,0.002584,-0.013920,0.687733,1.013313,2
1585226102837306624,284.294601,153.754625,-1.497460,-0.726841,0.004311,-0.012009,0.686688,1.013313,2
1585226102936306944,284.309710,154.295750,-1.505684,-0.728007,0.005628,-0.010690,0.685463,1.013313,2
1585226103035307264,284.334529,154.808575,-1.507904,-0.728972,0.005582,-0.010861,0.684435,1.013313,2
1585226103134307328,284.300863,155.317156,-1.519547,-0.729191,0.004797,-0.012480,0.684179,1.013313,2
1585226103233307648,284.248610,155.627166,-1.540400,-0.728802,0.003994,-0.013937,0.684571,1.013313,2
1585226103332307968,284.325697,156.322709,-1.526658,-0.728580,0.003833,-0.012759,0.684831,1.013313,2
1585226103431308032,284.358695,156.847614,-1.527097,-0.728681,0.003788,-0.012122,0.684736,1.013313,2
1585226103530308352,284.415706,157.418793,-1.530081,-0.729158,0.003462,-0.011754,0.684236,1.013313,2
1585226103629308672,284.369517,157.779419,-1.531360,-0.729440,0.003558,-0.012020,0.683929,1.013313,2
1585226103761308928,284.375039,158.376915,-1.535197,-0.729158,0.003370,-0.012527,0.684222,1.013313,2
1585226103893309184,284.387013,158.937362,-1.530472,-0.727879,0.004370,-0.011430,0.685596,1.013313,2
1585226104025309440,284.408669,159.458075,-1.540307,-0.725800,0.006993,-0.009096,0.687810,1.013313,2
1585226104190309888,284.493259,160.076394,-1.528984,-0.724281,0.008198,-0.007948,0.689410,1.013313,2
1585226104355310336,284.538878,160.672336,-1.532162,-0.725505,0.005067,-0.010966,0.688110,1.013313,2
1585226104520310784,284.500466,161.286127,-1.567006,-0.726832,0.002468,-0.012654,0.686694,1.013313,2
1585226104685311232,284.509621,161.803176,-1.570859,-0.728043,0.004430,-0.011131,0.685427,1.013313,2
1585226104850311424,284.537209,162.297429,-1.578416,-0.728959,0.008388,-0.007964,0.684460,1.013313,2
1585226105081312000,284.542590,162.952926,-1.578346,-0.728277,0.009074,-0.011614,0.685125,1.013313,2
1585226105312312576,284.555133,163.566732,-1.583565,-0.727073,0.010780,-0.016524,0.686276,1.013313,2
1585226105543313152,284.591499,164.188807,-1.575700,-0.725786,0.017861,-0.020115,0.687394,1.013313,2
1585226105741313536,284.633737,164.681516,-1.601409,-0.725534,0.022716,-0.027724,0.687252,1.013313,2
1585226105906313984,284.671102,165.112825,-1.607347,-0.725640,0.028018,-0.033464,0.686689,1.013313,2
1585226106137314560,284.758724,165.703248,-1.612615,-0.724125,0.038995,-0.041283,0.687326,1.013313,2
1585226106335314944,284.880029,166.217837,-1.612355,-0.724430,0.048265,-0.047073,0.686043,1.013313,2
1585226106500315392,284.963661,166.663316,-1.610197,-0.724843,0.056067,-0.053469,0.684543,1.013313,2
1585226106665315840,285.066116,167.113464,-1.618450,-0.723401,0.063947,-0.059698,0.684863,1.013313,2
1585226106830316288,285.185367,167.591978,-1.612771,-0.722067,0.073879,-0.064449,0.684841,1.013313,2
1585226106962316544,285.287659,167.974042,-1.613076,-0.720739,0.080983,-0.069269,0.684966,1.013313,2
1585226107127316992,285.408905,168.468431,-1.594519,-0.719187,0.088450,-0.076090,0.684950,1.013313,2
1585226107292317440,285.563716,168.962088,-1.612629,-0.717881,0.096544,-0.080176,0.684761,1.013313,2
1585226107457317632,285.724291,169.470898,-1.618847,-0.716898,0.103417,-0.081996,0.684572,1.013313,2
1585226107589318144,285.847513,169.893305,-1.620599,-0.716424,0.106621,-0.083129,0.684440,1.013313,2
1585226107754318336,286.010993,170.421957,-1.624438,-0.716084,0.109753,-0.081625,0.684481,1.013313,2
1585226107919318784,286.165860,170.957335,-1.620167,-0.716379,0.110529,-0.078270,0.684440,1.013313,2
1585226108084319232,286.312148,171.514403,-1.620796,-0.716602,0.108123,-0.074122,0.685053,1.013313,2
1585226108249319680,286.431425,172.247010,-1.623143,-0.716124,0.103947,-0.069274,0.686705,1.013313,2
1585226108414319872,286.583106,172.678983,-1.626784,-0.716640,0.100230,-0.061566,0.687452,1.013313,2
1585226108579320320,286.710500,173.304796,-1.633349,-0.718552,0.094477,-0.052619,0.687014,1.013313,2
1585226108711320576,286.796085,173.951530,-1.646479,-0.720367,0.087395,-0.046788,0.686472,1.013313,2
1585226108810320896,286.850468,174.246847,-1.627431,-0.722009,0.082089,-0.042268,0.685695,1.013313,2
1585226108942321152,286.932840,174.769205,-1.652068,-0.723097,0.075538,-0.034701,0.685726,1.013313,2
1585226109074321408,287.004893,175.347842,-1.653902,-0.723406,0.070102,-0.025958,0.686364,1.013313,2
1585226109206321920,287.066051,175.919602,-1.653421,-0.723361,0.064224,-0.017639,0.687250,1.013313,2
1585226109338322176,287.111761,176.517444,-1.660264,-0.722872,0.056596,-0.011556,0.688563,1.013313,2
1585226109470322432,287.132887,177.128811,-1.669055,-0.721977,0.047512,-0.007773,0.690240,1.013313,2
1585226109602322688,287.154257,177.763506,-1.653216,-0.721543,0.040346,-0.002596,0.691188,1.013313,2
1585226109734323200,287.180277,178.403018,-1.667917,-0.722506,0.036049,0.003089,0.690418,1.013313,2
1585226109800323328,287.191871,178.733471,-1.664175,-0.723695,0.034577,0.005888,0.689228,1.013313,2
1585226109932323584,287.210164,179.422225,-1.665274,-0.725678,0.031515,0.010083,0.687239,1.013313,2
1585226110097324032,287.217112,180.286697,-1.667618,-0.726792,0.028006,0.012948,0.686164,1.013313,2
1585226110295324416,287.231143,181.350388,-1.675813,-0.725636,0.025040,0.016067,0.687435,1.013313,2
1585226110460324864,287.237412,182.252457,-1.670442,-0.722296,0.024301,0.021293,0.690829,1.013313,2
1585226110625325312,287.242483,183.185754,-1.683572,-0.720139,0.023648,0.025886,0.692943,1.013313,2
1585226110757325568,287.221981,183.943332,-1.673849,-0.718828,0.018769,0.025031,0.694484,1.013313,2
1585226110889325824,287.192610,184.729542,-1.664254,-0.717949,0.014158,0.023355,0.695560,1.013313,2
1585226111021326080,287.174203,185.522051,-1.657555,-0.717986,0.012161,0.023728,0.695547,1.013313,2
1585226111153326592,287.162285,186.336736,-1.650714,-0.719539,0.012319,0.025044,0.693891,1.013313,2
1585226111252326656,287.157267,186.969735,-1.640993,-0.721107,0.010751,0.023545,0.692340,1.013313,2
1585226111351326976,287.137239,187.593861,-1.631264,-0.721968,0.008886,0.021118,0.691547,1.013313,2
1585226111450327296,287.212197,188.349336,-1.600891,-0.721999,0.006892,0.019382,0.691588,1.013313,2
1585226111549327360,287.086626,188.813274,-1.623881,-0.720623,0.008341,0.018096,0.693040,1.013313,2
1585226111648327680,287.083884,189.451583,-1.639767,-0.719703,0.009555,0.017906,0.693986,1.013313,2
1585226111747327744,287.063144,190.068499,-1.639134,-0.719556,0.011121,0.017450,0.694126,1.013313,2
1585226111813327872,287.060536,190.504220,-1.633910,-0.719829,0.011470,0.016675,0.693857,1.013313,2
1585226111912328192,287.048263,191.155527,-1.632008,-0.719887,0.011527,0.014730,0.693839,1.013313,2
1585226112011328512,287.048971,191.823563,-1.622589,-0.720043,0.011592,0.013255,0.693706,1.013313,2
1585226112110328832,287.048663,192.494856,-1.614936,-0.720152,0.011948,0.011759,0.693614,1.013313,2
1585226112209328896,287.047571,193.155969,-1.608936,-0.720295,0.012800,0.011017,0.693463,1.013313,2
1585226112308329216,287.049550,193.829086,-1.603360,-0.720997,0.014044,0.010446,0.692717,1.013313,2
1585226112407329536,287.059422,194.511516,-1.597507,-0.722447,0.015602,0.010197,0.691176,1.013313,2
1585226112506329600,287.065915,195.201837,-1.600404,-0.723921,0.016640,0.009421,0.689618,1.013313,2
1585226112605329920,287.076657,195.891598,-1.598238,-0.724871,0.017462,0.008666,0.688609,1.013313,2
1585226112704330240,287.085710,196.570302,-1.595604,-0.724640,0.018190,0.008208,0.688839,1.013313,2
1585226112803330304,287.078198,197.196742,-1.586692,-0.724125,0.019741,0.008851,0.689329,1.013313,2
1585226112902330624,287.139746,198.116908,-1.611436,-0.723315,0.021026,0.010415,0.690120,1.013313,2
1585226113001330944,287.192321,198.772573,-1.608831,-0.722270,0.020545,0.010007,0.691234,1.013313,2
1585226113100331008,287.155120,199.360573,-1.594771,-0.722608,0.019786,0.007695,0.690932,1.013313,2
1585226113199331328,287.157227,200.049911,-1.599561,-0.722848,0.019157,0.006757,0.690709,1.013313,2
1585226113298331648,287.170408,200.738361,-1.598107,-0.723084,0.018831,0.006531,0.690473,1.013313,2
1585226113397331712,287.187384,201.425964,-1.592268,-0.723350,0.019882,0.007118,0.690159,1.013313,2
1585226113496332032,287.198760,202.110528,-1.585036,-0.723381,0.019920,0.006932,0.690127,1.013313,2
1585226113595332352,287.218412,202.792868,-1.580383,-0.722759,0.020627,0.007914,0.690747,1.013313,2
1585226113694332416,287.240081,203.468264,-1.588968,-0.721202,0.022212,0.009667,0.692301,1.013313,2
1585226113793332736,287.268870,204.161071,-1.581607,-0.721907,0.022978,0.010870,0.691523,1.013313,2
1585226113892333056,287.260804,204.816488,-1.560732,-0.722575,0.022602,0.010619,0.690842,1.013313,2
1585226113991333120,287.267947,205.494664,-1.565393,-0.724271,0.020695,0.009226,0.689143,1.013313,2
1585226114090333440,287.269259,206.154093,-1.559417,-0.725563,0.020144,0.009612,0.687793,1.013313,2
1585226114189333760,287.300230,206.826033,-1.574208,-0.726030,0.021494,0.012003,0.687222,1.013313,2
1585226114321334016,287.333152,207.689348,-1.577054,-0.725597,0.022439,0.013517,0.687622,1.013313,2
1585226114453334272,287.331364,208.531555,-1.569589,-0.725141,0.021083,0.011484,0.688182,1.013313,2
1585226114585334528,287.334586,209.341723,-1.564838,-0.724729,0.020667,0.011439,0.688629,1.013313,2
1585226114684334848,287.360390,209.934591,-1.567464,-0.724747,0.022527,0.014319,0.688498,1.013313,2
1585226114783335168,287.382573,210.508262,-1.552472,-0.723368,0.023989,0.015966,0.689861,1.013313,2
1585226114915335424,287.380525,211.253148,-1.558516,-0.723467,0.023635,0.014860,0.689794,1.013313,2
1585226115014335744,287.388446,211.808957,-1.549987,-0.725625,0.022428,0.013588,0.687590,1.013313,2
1585226115113335808,287.385064,212.349641,-1.553694,-0.727771,0.021544,0.013031,0.685358,1.013313,2
1585226115212336128,287.393683,212.870792,-1.563085,-0.729302,0.022108,0.013580,0.683700,1.013313,2
1585226115311336448,287.404794,213.386683,-1.559923,-0.730192,0.022919,0.013881,0.682716,1.013313,2
1585226115410336512,287.413125,213.861160,-1.577131,-0.729744,0.022765,0.013352,0.683211,1.013313,2
1585226115509336832,287.417322,214.329359,-1.580481,-0.728477,0.022220,0.012695,0.684592,1.013313,2
1585226115641337088,287.415092,214.925693,-1.560291,-0.726873,0.020875,0.011022,0.686366,1.013313,2
1585226115806337536,287.416271,215.639438,-1.584905,-0.724994,0.020505,0.010762,0.688366,1.013313,2
1585226115938337792,287.426598,216.172299,-1.586314,-0.723998,0.021362,0.012908,0.689350,1.013313,2
1585226116136338432,287.429069,216.921623,-1.571404,-0.725445,0.018104,0.012215,0.687934,1.013313,2
1585226116301338624,287.409106,217.486767,-1.547630,-0.723655,0.013774,0.012020,0.689920,1.013313,2
1585226116499339264,287.410576,218.095874,-1.563454,-0.722460,0.012164,0.015818,0.691125,1.013313,2
1585226116697339648,287.399333,218.630384,-1.553726,-0.722972,0.008425,0.020706,0.690516,1.013313,2
1585226116862340096,287.370134,219.017605,-1.552899,-0.721394,0.002897,0.024110,0.692099,1.013313,2
1585226117060340480,287.316813,219.475571,-1.544307,-0.720515,-0.005936,0.027402,0.692872,1.013313,2
1585226117357341184,287.236349,220.117871,-1.528603,-0.720978,-0.020440,0.035292,0.691756,1.013313,2
1585226117588341760,287.162645,220.551702,-1.525025,-0.718105,-0.030856,0.045396,0.693767,1.013313,2
1585226117786342144,287.089379,220.926230,-1.510201,-0.717371,-0.041806,0.055765,0.693197,1.013313,2
1585226117984342784,287.000001,221.285634,-1.495915,-0.715596,-0.054240,0.067499,0.693126,1.013313,2
1585226118182343168,286.893608,221.627370,-1.494037,-0.712744,-0.068729,0.080559,0.693385,1.013313,2
1585226118413343744,286.745412,222.076438,-1.481924,-0.709604,-0.086651,0.098677,0.692255,1.013313,2
1585226118611344128,286.576217,222.473078,-1.479264,-0.707729,-0.103102,0.116704,0.689108,1.013313,2
1585226118809344768,286.363649,222.908885,-1.467373,-0.703020,-0.124018,0.133703,0.687391,1.013313,2
1585226118974344960,286.137060,223.262938,-1.465284,-0.699338,-0.144988,0.149071,0.683873,1.013313,2
1585226119139345408,285.897422,223.660171,-1.422889,-0.695627,-0.164163,0.168267,0.678851,1.013313,2
1585226119304345856,285.615998,224.049219,-1.436660,-0.692198,-0.184088,0.188649,0.671852,1.013313,2
1585226119469346304,285.296000,224.454982,-1.425854,-0.687476,-0.205287,0.209953,0.664194,1.013313,2
1585226119634346752,284.945255,224.873196,-1.416342,-0.680642,-0.226129,0.233234,0.656654,1.013313,2
1585226119766347008,284.592299,225.180859,-1.418401,-0.675887,-0.244638,0.251286,0.648217,1.013313,2
1585226119898347264,284.204721,225.495347,-1.414163,-0.670675,-0.264079,0.268697,0.638952,1.013313,2
1585226120030347520,283.780769,225.815231,-1.402920,-0.663723,-0.282755,0.286970,0.630213,1.013313,2
1585226120162348032,283.144594,226.180437,-1.437740,-0.655088,-0.301450,0.306506,0.621323,1.013313,2
1585226120294348288,282.869681,226.406648,-1.382267,-0.646705,-0.318159,0.326299,0.611618,1.013313,2
1585226120426348544,282.364182,226.693903,-1.408081,-0.639077,-0.334117,0.344413,0.601104,1.013313,2
1585226120558348800,281.731705,226.958336,-1.413040,-0.630404,-0.350327,0.362771,0.590134,1.013313,2
1585226120690349312,281.385700,227.175150,-1.412352,-0.621462,-0.365811,0.380297,0.579086,1.013313,2
1585226120822349568,280.842451,227.400820,-1.394374,-0.612427,-0.381320,0.395418,0.568483,1.013313,2
1585226120954349824,280.282343,227.622096,-1.417027,-0.604047,-0.395939,0.409910,0.557075,1.013313,2
1585226121086350080,279.630270,227.824028,-1.423145,-0.596073,-0.408109,0.424908,0.545524,1.013313,2
1585226121218350592,278.948042,227.988950,-1.422399,-0.588534,-0.419525,0.438147,0.534466,1.013313,2
1585226121350350848,278.249125,228.137963,-1.404443,-0.580076,-0.430043,0.449380,0.525958,1.013313,2
1585226121482351104,277.529461,228.263587,-1.429856,-0.571538,-0.439663,0.458020,0.519863,1.013313,2
1585226121614351360,276.766591,228.386054,-1.436523,-0.565255,-0.447423,0.465237,0.513668,1.013313,2
1585226121746351616,276.006230,228.496207,-1.434601,-0.561254,-0.453549,0.471167,0.507237,1.013313,2
1585226121878352128,275.215488,228.599798,-1.420759,-0.558445,-0.458710,0.476083,0.501068,1.013313,2
1585226122010352384,274.392442,228.690676,-1.427974,0.555149,0.463563,-0.480061,-0.496447,1.013313,2
1585226122142352640,273.570585,228.753646,-1.422892,0.551111,0.467401,-0.483113,-0.494384,1.013313,2
1585226122274352896,272.721928,228.819247,-1.434043,0.547603,0.470470,-0.485533,-0.492998,1.013313,2
1585226122406353408,271.872240,228.889473,-1.434509,0.545407,0.472971,-0.488061,-0.490535,1.013313,2
1585226122538353664,270.997072,228.948906,-1.419911,0.543738,0.474843,-0.490601,-0.488041,1.013313,2
1585226122670353920,270.103948,229.011010,-1.416941,0.541901,0.476775,-0.492537,-0.486246,1.013313,2
1585226122769354240,269.433435,229.039365,-1.407987,0.540799,0.478171,-0.493297,-0.485331,1.013313,2
1585226122868354304,268.742957,229.077138,-1.407307,0.540202,0.478987,-0.493946,-0.484531,1.013313,2
1585226123000354816,267.798244,229.130080,-1.401245,0.539839,0.479712,-0.494415,-0.483739,1.013313,2
1585226123132355072,266.855663,229.174941,-1.403549,0.539226,0.479724,-0.495396,-0.483408,1.013313,2
1585226123231355392,266.140142,229.210728,-1.400370,0.538679,0.479496,-0.496095,-0.483527,1.013313,2
1585226123330355456,265.420533,229.247294,-1.396768,0.538463,0.479270,-0.496395,-0.483683,1.013313,2
1585226123429355776,264.683448,229.281933,-1.398447,0.538029,0.479403,-0.496243,-0.484190,1.013313,2
1585226123528356096,263.936725,229.317038,-1.394833,0.537987,0.479550,-0.496010,-0.484331,1.013313,2
1585226123627356160,263.182916,229.354312,-1.391621,0.538524,0.479958,-0.495187,-0.484172,1.013313,2
1585226123726356480,262.418838,229.392036,-1.381792,0.539031,0.480474,-0.494521,-0.483776,1.013313,2
1585226123825356800,261.650084,229.433914,-1.393745,0.539504,0.480803,-0.493930,-0.483526,1.013313,2
1585226123924356864,260.866293,229.469618,-1.387448,0.539809,0.480781,-0.493703,-0.483440,1.013313,2
1585226124023357184,260.071275,229.514344,-1.402846,0.539647,0.480578,-0.493734,-0.483790,1.013313,2
1585226124122357504,259.263458,229.550703,-1.406981,0.538499,0.481536,-0.492623,-0.485247,1.013313,2
1585226124221357568,258.463604,229.590828,-1.402048,0.538961,0.481022,-0.492663,-0.485202,1.013313,2
1585226124320357888,257.643424,229.640529,-1.407677,0.538531,0.480818,-0.493055,-0.485485,1.013313,2
1585226124419358208,256.829523,229.682357,-1.401215,0.537984,0.480863,-0.493273,-0.485825,1.013313,2
1585226124518358272,255.996811,229.721230,-1.403235,0.537439,0.480943,-0.493474,-0.486145,1.013313,2
1585226124617358592,255.164340,229.757271,-1.388368,0.536852,0.481868,-0.493324,-0.486029,1.013313,2
1585226124716358912,254.322655,229.800243,-1.388419,0.536979,0.482568,-0.493257,-0.485262,1.013313,2
1585226124815358976,253.471101,229.840039,-1.362369,0.537223,0.483162,-0.493287,-0.484369,1.013313,2
1585226124914359296,252.622628,229.874784,-1.360151,0.536631,0.483844,-0.493744,-0.483879,1.013313,2
1585226125013359616,251.769822,229.909160,-1.390908,0.535844,0.484413,-0.494706,-0.483199,1.013313,2
1585226125112359680,250.909019,229.944782,-1.368044,0.534729,0.485402,-0.495278,-0.482855,1.013313,2
1585226125211360000,250.062658,229.975786,-1.338682,0.534165,0.486406,-0.495796,-0.481936,1.013313,2
1585226125310360320,249.194253,230.016165,-1.325526,0.533650,0.487241,-0.496459,-0.480981,1.013313,2
1585226125409360384,248.313669,230.024269,-1.333019,0.532896,0.487930,-0.497166,-0.480388,1.013313,2
1585226125508360704,247.438269,230.055211,-1.331097,0.532443,0.488004,-0.498502,-0.479428,1.013313,2
1585226125607361024,246.536616,230.085287,-1.340843,0.531786,0.489026,-0.498791,-0.478816,1.013313,2
1585226125706361088,245.664556,230.095490,-1.332174,0.531161,0.489598,-0.499048,-0.478657,1.013313,2
1585226125805361408,244.766888,230.119949,-1.353004,0.531325,0.489866,-0.499289,-0.477950,1.013313,2
1585226125904361728,243.861578,230.143385,-1.342077,0.531084,0.489498,-0.499963,-0.477890,1.013313,2
1585226126003361792,242.981978,230.160945,-1.337718,0.530812,0.489403,-0.500509,-0.477718,1.013313,2
1585226126102362112,242.071286,230.180438,-1.345497,0.530902,0.489003,-0.501197,-0.477306,1.013313,2
1585226126201362432,241.162375,230.202075,-1.337339,0.531556,0.488558,-0.501756,-0.476445,1.013313,2
1585226126267362560,240.551222,230.211570,-1.335875,0.531770,0.488466,-0.501809,-0.476246,1.013313,2
1585226126366362624,239.620361,230.230550,-1.340239,0.532363,0.488312,-0.501940,-0.475601,1.013313,2
1585226126465362944,238.656746,230.256809,-1.348582,0.532814,0.487999,-0.502468,-0.474860,1.013313,2
1585226126564363264,237.784706,230.271427,-1.332357,0.533353,0.487789,-0.502753,-0.474169,1.013313,2
1585226126663363328,236.876971,230.288770,-1.331014,0.533477,0.487829,-0.502914,-0.473817,1.013313,2
1585226126729363712,236.255442,230.300954,-1.332182,0.533166,0.487824,-0.503008,-0.474072,1.013313,2
1585226126795363840,235.637816,230.312248,-1.331261,0.532952,0.487825,-0.502960,-0.474362,1.013313,2
1585226126861363968,235.019056,230.325693,-1.334190,0.532808,0.487483,-0.503192,-0.474630,1.013313,2
1585226126927364096,234.389426,230.339145,-1.351192,0.532924,0.487170,-0.503349,-0.474655,1.013313,2
1585226127026364416,233.472697,230.356928,-1.325400,0.533141,0.487201,-0.503050,-0.474696,1.013313,2
1585226127125364480,232.531850,230.376898,-1.329156,0.533571,0.487137,-0.502867,-0.474473,1.013313,2
1585226127224364800,231.609657,230.397183,-1.322496,0.533915,0.487147,-0.502704,-0.474247,1.013313,2
1585226127323365120,230.662222,230.417086,-1.323140,0.534199,0.486910,-0.502848,-0.474019,1.013313,2
1585226127422365184,229.740902,230.433843,-1.319414,0.534121,0.486627,-0.503061,-0.474171,1.013313,2
1585226127521365504,228.812997,230.454733,-1.314304,0.533858,0.486718,-0.502693,-0.474764,1.013313,2
1585226127587365632,228.175880,230.466778,-1.314640,0.533576,0.486719,-0.502558,-0.475222,1.013313,2
1585226127686365952,227.243308,230.478959,-1.312892,0.533238,0.487235,-0.501883,-0.475787,1.013313,2
1585226127752366080,226.624269,230.491898,-1.313666,0.533142,0.487661,-0.501359,-0.476009,1.013313,2
1585226127818366208,226.017944,230.503550,-1.318469,0.533175,0.488570,-0.500451,-0.475996,1.013313,2
1585226127884366336,225.398855,230.510063,-1.359265,0.533296,0.489366,-0.499642,-0.475893,1.013313,2
1585226127983366656,224.425540,230.544771,-1.316248,0.532922,0.490122,-0.498713,-0.476508,1.013313,2
1585226128082366720,223.505828,230.558688,-1.317019,0.532158,0.489768,-0.498945,-0.477482,1.013313,2
1585226128181367040,222.576990,230.577965,-1.314340,0.530241,0.488704,-0.499829,-0.479775,1.013313,2
1585226128280367360,221.656422,230.599547,-1.314499,0.528640,0.487281,-0.501125,-0.481634,1.013313,2
1585226128379367424,220.740174,230.610065,-1.279796,0.527516,0.486483,-0.501941,-0.482823,1.013313,2
1585226128478367744,219.799992,230.628888,-1.260658,0.527605,0.487597,-0.500755,-0.482832,1.013313,2
1585226128577367808,218.834354,230.659815,-1.260875,0.528704,0.489276,-0.498920,-0.481831,1.013313,2
1585226128676368128,217.872772,230.677462,-1.259255,0.529804,0.491142,-0.497044,-0.480661,1.013313,2
1585226128775368448,216.936850,230.706612,-1.247101,0.530115,0.491896,-0.496191,-0.480429,1.013313,2
1585226128874368512,215.986156,230.728214,-1.244065,0.529450,0.491534,-0.496465,-0.481248,1.013313,2
1585226128973368832,215.050041,230.747723,-1.262297,0.528297,0.490562,-0.497209,-0.482736,1.013313,2
1585226129072369152,214.107260,230.765928,-1.228843,0.527486,0.490094,-0.497776,-0.483514,1.013313,2
1585226129171369472,213.192504,230.787192,-1.206326,0.527548,0.490139,-0.497674,-0.483504,1.013313,2
1585226129270369536,212.231218,230.806347,-1.197040,0.527895,0.491309,-0.496457,-0.483190,1.013313,2
1585226129336369664,211.614352,230.818063,-1.188294,0.528318,0.491905,-0.495628,-0.482972,1.013313,2
1585226129402370048,210.971854,230.833991,-1.185587,0.528739,0.492372,-0.494943,-0.482737,1.013313,2
1585226129468370176,210.359480,230.842554,-1.179491,0.529068,0.492864,-0.494088,-0.482752,1.013313,2
1585226129534370304,209.736689,230.861840,-1.178117,0.529500,0.492995,-0.493613,-0.482631,1.013313,2
1585226129600370432,209.114248,230.875276,-1.176672,0.529964,0.492767,-0.493312,-0.482661,1.013313,2
1585226129666370560,208.476735,230.895350,-1.181742,0.530381,0.492441,-0.493206,-0.482645,1.013313,2
1585226129732370688,207.850382,230.916865,-1.183401,0.530550,0.491650,-0.493671,-0.482790,1.013313,2
1585226129798370816,207.239242,230.933650,-1.239454,0.530840,0.490020,-0.494947,-0.482822,1.013313,2
1585226129897371136,206.282493,230.975350,-1.180824,0.529904,0.488153,-0.496248,-0.484403,1.013313,2
1585226129996371200,205.341065,231.006358,-1.173919,0.529650,0.487152,-0.496478,-0.485453,1.013313,2
1585226130095371520,204.405002,231.044232,-1.167554,0.530240,0.486791,-0.496324,-0.485328,1.013313,2
1585226130194371840,203.465208,231.075638,-1.159877,0.532153,0.487590,-0.494882,-0.483903,1.013313,2
1585226130260371968,202.835251,231.094852,-1.159479,0.533426,0.487928,-0.493874,-0.483189,1.013313,2
1585226130326372096,202.219330,231.113394,-1.141671,0.534194,0.487925,-0.493456,-0.482769,1.013313,2
1585226130392372224,201.576220,231.150222,-1.145045,0.534511,0.488051,-0.492889,-0.482871,1.013313,2
1585226130458372352,200.964733,231.173277,-1.212986,0.534793,0.487342,-0.493242,-0.482915,1.013313,2
1585226130557372672,200.007855,231.223143,-1.169317,0.534512,0.486446,-0.493616,-0.483746,1.013313,2
1585226130656372992,199.076095,231.252786,-1.163885,0.534637,0.485954,-0.493559,-0.484160,1.013313,2
1585226130722373120,198.457462,231.279281,-1.165334,0.535001,0.485838,-0.493244,-0.484196,1.013313,2
1585226130821373184,197.512715,231.315826,-1.160802,0.535735,0.485956,-0.492436,-0.484088,1.013313,2
1585226130920373504,196.572917,231.351739,-1.172756,0.536487,0.485876,-0.491785,-0.483998,1.013313,2
1585226131019373824,195.639771,231.403131,-1.174651,0.536928,0.485277,-0.491740,-0.484155,1.013313,2
1585226131118373888,194.709065,231.439713,-1.172591,0.537132,0.484431,-0.491895,-0.484618,1.013313,2
1585226131217374208,193.774920,231.485933,-1.174858,0.536946,0.483726,-0.492017,-0.485404,1.013313,2
1585226131316374528,192.845020,231.524472,-1.173604,0.536776,0.483411,-0.491886,-0.486039,1.013313,2
1585226131415374848,191.926892,231.578272,-1.167442,0.536698,0.483664,-0.491322,-0.486443,1.013313,2
1585226131481374976,191.314584,231.607980,-1.165724,0.536713,0.484070,-0.490647,-0.486704,1.013313,2
1585226131580375040,190.376244,231.658556,-1.172866,0.536969,0.484628,-0.489630,-0.486890,1.013313,2
1585226131679375360,189.444017,231.701944,-1.220414,0.537160,0.484751,-0.489109,-0.487081,1.013313,2
1585226131778375680,188.536264,231.753436,-1.171454,0.537002,0.484700,-0.488611,-0.487806,1.013313,2
1585226131877375744,187.633445,231.802280,-1.177714,0.537057,0.484024,-0.488881,-0.488145,1.013313,2
1585226131976376064,186.726560,231.852762,-1.166123,0.537270,0.483427,-0.489386,-0.487997,1.013313,2
1585226132075376384,185.817289,231.903832,-1.154311,0.537398,0.483269,-0.489466,-0.487931,1.013313,2
1585226132174376448,184.913125,231.952876,-1.191205,0.537904,0.483213,-0.489708,-0.487187,1.013313,2
1585226132273376768,184.012212,232.004841,-1.133511,0.537772,0.483837,-0.489702,-0.486718,1.013313,2
1585226132372377088,183.109266,232.050806,-1.137091,0.537844,0.483937,-0.490399,-0.485837,1.013313,2
1585226132471377152,182.214037,232.096641,-1.144607,0.537841,0.484020,-0.491292,-0.484855,1.013313,2
1585226132570377472,181.331499,232.135242,-1.132531,0.537567,0.484060,-0.492053,-0.484346,1.013313,2
1585226132669377792,180.431741,232.174340,-1.123753,0.537546,0.484057,-0.492894,-0.483516,1.013313,2
1585226132801378048,179.267857,232.229921,-1.117077,0.537557,0.483945,-0.494054,-0.482431,1.013313,2
1585226132933378304,178.124998,232.282352,-1.109902,0.537756,0.483943,-0.494862,-0.481383,1.013313,2
1585226133065378560,176.983269,232.328795,-1.105621,0.538190,0.484187,-0.494714,-0.480804,1.013313,2
1585226133164378880,176.147111,232.368870,-1.106975,0.538590,0.484195,-0.494705,-0.480358,1.013313,2
1585226133263379200,175.309123,232.406494,-1.102555,0.538883,0.484198,-0.494714,-0.480016,1.013313,2
1585226133362379264,174.497985,232.438542,-1.094711,0.539125,0.484187,-0.494580,-0.479893,1.013313,2
1585226133461379584,173.709997,232.471767,-1.090506,0.539446,0.484372,-0.494209,-0.479728,1.013313,2
1585226133560379904,172.924371,232.491334,-1.172338,0.540077,0.484619,-0.493904,-0.479083,1.013313,2
1585226133659379968,172.164592,232.531286,-1.082036,0.539802,0.485217,-0.493143,-0.479571,1.013313,2
1585226133791380480,171.176784,232.570581,-1.073134,0.540025,0.485628,-0.492548,-0.479515,1.013313,2
1585226133890380544,170.458039,232.598086,-1.064644,0.540306,0.485920,-0.492073,-0.479391,1.013313,2
1585226134022380800,169.533225,232.640483,-1.057010,0.540087,0.485994,-0.492023,-0.479613,1.013313,2
1585226134154381312,168.587312,232.677068,-1.082836,0.539869,0.486013,-0.492197,-0.479662,1.013313,2
1585226134286381568,167.684673,232.706603,-1.107212,0.539788,0.486110,-0.492488,-0.479356,1.013313,2
1585226134418381824,166.855870,232.752163,-1.093092,0.539536,0.486329,-0.493139,-0.478748,1.013313,2
1585226134550382080,166.053840,232.786620,-1.091012,0.538991,0.486849,-0.494509,-0.477419,1.013313,2
1585226134715382528,165.089013,232.812832,-1.090602,0.537159,0.488468,-0.497194,-0.475034,1.013313,2
1585226134880382976,164.163756,232.817998,-1.091476,0.534265,0.491562,-0.501223,-0.470854,1.013313,2
1585226135045383424,163.305981,232.812447,-1.080401,0.529671,0.496005,-0.507393,-0.464736,1.013313,2
1585226135210383872,162.502641,232.783777,-1.070602,0.522169,0.502130,-0.515546,-0.457621,1.013313,2
1585226135375384064,161.703196,232.710147,-1.094738,-0.512094,-0.509642,0.526119,0.448578,1.013313,2
1585226135507384576,161.147997,232.633165,-1.056262,-0.501990,-0.517422,0.535658,0.439716,1.013313,2
1585226135639384832,160.581377,232.521257,-1.048701,-0.490230,-0.526365,0.545924,0.429630,1.013313,2
1585226135771385088,160.039605,232.375843,-1.039865,-0.476046,-0.537530,0.555599,0.419227,1.013313,2
1585226135903385344,159.507165,232.199281,-1.026836,-0.460811,-0.550770,0.563541,0.408322,1.013313,2
1585226136035385856,158.993498,232.000219,-1.016334,-0.445291,-0.564324,0.570433,0.397317,1.013313,2
1585226136200386048,158.345203,231.725647,-1.041885,0.425899,0.580493,-0.578229,-0.383783,1.013313,2
1585226136365386496,157.828857,231.430614,-0.991150,0.406552,0.594277,-0.587133,-0.369899,1.013313,2
1585226136563387136,157.212889,231.057145,-0.980593,0.383440,0.609000,-0.598632,-0.351755,1.013313,2
1585226136761387520,156.616372,230.632808,-0.990912,0.358256,0.624659,-0.608578,-0.333296,1.013313,2
1585226136926387968,156.207370,230.254209,-0.967721,0.335944,0.638911,-0.614871,-0.317599,1.013313,2
1585226137091388160,155.785559,229.864660,-0.962485,0.315753,0.650070,-0.624233,-0.296719,1.013313,2
1585226137256388608,155.392010,229.458265,-0.959001,0.295166,0.658480,-0.635004,-0.275772,1.013313,2
1585226137388388864,155.037280,229.110358,-1.023172,0.277339,0.665208,-0.642924,-0.259287,1.013313,2
1585226137553389312,154.763046,228.632006,-0.970298,0.252586,0.674597,-0.651425,-0.238254,1.013313,2
1585226137685389568,154.492589,228.227570,-0.969489,0.236512,0.683789,-0.655411,-0.216638,1.013313,2
1585226137817390080,154.226675,227.806628,-0.970976,0.221701,0.691675,-0.659437,-0.193847,1.013313,2
1585226137949390336,153.982238,227.359542,-0.997444,0.202074,0.697525,-0.664627,-0.175770,1.013313,2
1585226138081390592,153.827449,226.887827,-0.980623,0.177745,0.703519,-0.669059,-0.160709,1.013313,2
1585226138180390912,153.698294,226.524512,-0.985853,0.161847,0.706981,-0.672758,-0.146218,1.013313,2
1585226138279390976,153.504809,226.169430,-1.065580,0.147681,0.709784,-0.676567,-0.129052,1.013313,2
1585226138378391296,153.446960,225.781661,-0.998727,0.135359,0.710911,-0.681291,-0.110114,1.013313,2
1585226138477391616,153.349119,225.390514,-1.008874,0.121364,0.712222,-0.684702,-0.095882,1.013313,2
1585226138576391680,153.273414,224.980349,-1.011748,0.106744,0.715128,-0.685594,-0.084609,1.013313,2
1585226138675392000,153.203668,224.562539,-1.023128,0.091843,0.718479,-0.685318,-0.075446,1.013313,2
1585226138774392320,153.154638,224.132808,-1.014399,0.079996,0.720418,-0.685784,-0.065562,1.013313,2
1585226138873392384,153.091298,223.709393,-1.021127,0.070641,0.720648,-0.687418,-0.055968,1.013313,2
1585226138972392704,153.018930,223.278075,-1.043325,0.063885,0.720337,-0.689122,-0.046316,1.013313,2
1585226139071393024,152.974392,222.830667,-1.030572,0.057888,0.720731,-0.689746,-0.038029,1.013313,2
1585226139170393088,152.922880,222.379289,-1.034982,0.052168,0.720773,-0.690490,-0.031431,1.013313,2
1585226139269393408,152.873910,221.921136,-1.042441,0.047875,0.720563,-0.691270,-0.025355,1.013313,2
1585226139368393728,152.833345,221.453896,-1.044516,0.044685,0.719995,-0.692259,-0.019678,1.013313,2
1585226139467393792,152.753951,220.964667,-1.116487,0.042090,0.719518,-0.693046,-0.014498,1.013313,2
1585226139599394304,152.758635,220.318719,-1.042482,0.037058,0.719047,-0.693899,-0.010164,1.013313,2
1585226139731394560,152.727632,219.647765,-1.038984,0.032188,0.718557,-0.694689,-0.006883,1.013313,2
1585226139830394880,152.698059,219.130203,-1.039526,0.031362,0.719315,-0.693971,-0.002376,1.013313,2
1585226139962395136,152.648282,218.431386,-1.047279,0.031594,0.719482,-0.693779,0.004237,1.013313,2
1585226140094395392,152.634936,217.717006,-1.023359,0.029959,0.720184,-0.693109,0.006111,1.013313,2
1585226140193395712,152.636253,217.168144,-1.012442,0.026790,0.720826,-0.692575,0.005687,1.013313,2
1585226140292395776,152.609651,216.613433,-1.026339,0.025044,0.720572,-0.692881,0.008006,1.013313,2
1585226140391396096,152.613921,216.061113,-1.008531,0.023986,0.719894,-0.693590,0.010485,1.013313,2
1585226140490396416,152.607976,215.493641,-1.001149,0.022968,0.719884,-0.693617,0.011602,1.013313,2
1585226140589396480,152.606957,214.918269,-0.992092,0.021798,0.720476,-0.693032,0.012070,1.013313,2
1585226140688396800,152.568100,214.329425,-1.037826,0.019962,0.719977,-0.693591,0.012868,1.013313,2
1585226140787397120,152.592932,213.761029,-0.989015,0.019318,0.719402,-0.694169,0.014746,1.013313,2
1585226140886397184,152.583154,213.169681,-0.991344,0.018646,0.718548,-0.695037,0.016271,1.013313,2
1585226140985397504,152.584567,212.570490,-0.991022,0.016810,0.718968,-0.694638,0.016726,1.013313,2
1585226141084397824,152.593761,211.961423,-0.987201,0.013859,0.719409,-0.694232,0.017344,1.013313,2
1585226141183397888,152.604905,211.345578,-0.982444,0.011074,0.720307,-0.693339,0.017810,1.013313,2
1585226141282398208,152.614566,210.722442,-0.978919,0.009663,0.720796,-0.692836,0.018395,1.013313,2
1585226141381398528,152.604870,210.085274,-1.003670,0.008948,0.721138,-0.692474,0.018948,1.013313,2
1585226141513398784,152.628637,209.245304,-0.980249,0.008671,0.721835,-0.691723,0.019965,1.013313,2
1585226141612399104,152.640783,208.598699,-0.984947,0.007680,0.721852,-0.691720,0.019858,1.013313,2
1585226141744399360,152.655614,207.730447,-0.984989,0.007814,0.721812,-0.691754,0.020075,1.013313,2
1585226141876399616,152.660941,206.852644,-1.029628,0.008382,0.721441,-0.692108,0.020945,1.013313,2
1585226142008399872,152.677172,205.970056,-0.989203,0.006637,0.721300,-0.692329,0.019075,1.013313,2
1585226142107400192,152.691055,205.301873,-0.991117,0.005453,0.719794,-0.693939,0.017756,1.013313,2
1585226142206400512,152.701843,204.628734,-0.992076,0.005306,0.718456,-0.695330,0.017550,1.013313,2
1585226142338400768,152.693821,203.721429,-0.990094,0.008504,0.716825,-0.696904,0.020359,1.013313,2
1585226142437401088,152.697571,203.032240,-0.979450,0.007945,0.716622,-0.697162,0.018848,1.013313,2
1585226142536401152,152.712251,202.337226,-0.965440,0.007755,0.716752,-0.697063,0.017583,1.013313,2
1585226142635401472,152.730304,201.634791,-0.950635,0.008349,0.717185,-0.696615,0.017436,1.013313,2
1585226142734401792,152.726491,200.928129,-0.979191,0.010285,0.716949,-0.696772,0.019662,1.013313,2
1585226142833401856,152.717304,200.221602,-0.936509,0.011631,0.716650,-0.697018,0.021067,1.013313,2
1585226142932402176,152.721121,199.512543,-0.928506,0.011283,0.716974,-0.696702,0.020661,1.013313,2
1585226143031402496,152.733098,198.794812,-0.915916,0.011922,0.717207,-0.696431,0.021329,1.013313,2
1585226143130402560,152.743476,198.070551,-0.903265,0.011767,0.718025,-0.695585,0.021523,1.013313,2
1585226143229402880,152.749438,197.339529,-0.907983,0.012159,0.719849,-0.693682,0.021801,1.013313,2
1585226143328403200,152.758773,196.602147,-0.895608,0.011318,0.722485,-0.690986,0.020655,1.013313,2
1585226143427403264,152.770455,195.861562,-0.891812,0.010437,0.724152,-0.689272,0.019986,1.013313,2
1585226143526403584,152.780398,195.121750,-0.910637,0.010015,0.725296,-0.688077,0.019885,1.013313,2
1585226143625403904,152.790295,194.378842,-0.892634,0.009539,0.725189,-0.688198,0.019833,1.013313,2
1585226143724403968,152.804944,193.641034,-0.898662,0.007849,0.724483,-0.688994,0.018717,1.013313,2
1585226143823404288,152.824158,192.896742,-0.896915,0.007639,0.724402,-0.689079,0.018773,1.013313,2
1585226143922404608,152.834045,192.148928,-0.939506,0.006705,0.723563,-0.689979,0.018458,1.013313,2
1585226144021404672,152.842088,191.402718,-0.905146,0.006546,0.722129,-0.691479,0.018511,1.013313,2
1585226144120404992,152.850834,190.661579,-0.897200,0.008152,0.719799,-0.693840,0.020208,1.013313,2
1585226144219405312,152.853512,189.921871,-0.891627,0.008907,0.717694,-0.695961,0.021777,1.013313,2
1585226144318405376,152.871677,189.168039,-0.879243,0.008405,0.718401,-0.695238,0.021743,1.013313,2
1585226144417405696,152.886934,188.404335,-0.872871,0.009445,0.720940,-0.692557,0.022839,1.013313,2
1585226144483405824,152.888929,187.895096,-0.867520,0.010494,0.723584,-0.689727,0.024333,1.013313,2
1585226144549405952,152.892344,187.383427,-0.862105,0.011118,0.725334,-0.687838,0.025431,1.013313,2
1585226144648406272,152.906405,186.630465,-0.854816,0.011251,0.723734,-0.689520,0.025384,1.013313,2
1585226144747406592,152.917393,185.878941,-0.898127,0.011814,0.721390,-0.691952,0.025705,1.013313,2
1585226144846406656,152.937025,185.140141,-0.869668,0.010544,0.719293,-0.694204,0.024245,1.013313,2
1585226144945406976,152.949327,184.386361,-0.870652,0.009743,0.718152,-0.695438,0.022986,1.013313,2
1585226145044407296,152.958251,183.618318,-0.862041,0.010639,0.719301,-0.694236,0.023001,1.013313,2
1585226145143407360,152.970901,182.859239,-0.855680,0.010492,0.717815,-0.695790,0.022529,1.013313,2
1585226145242407680,152.982047,182.098360,-0.846428,0.009975,0.718767,-0.694851,0.021388,1.013313,2
1585226145308407808,152.989455,181.589000,-0.839322,0.009909,0.719702,-0.693906,0.020612,1.013313,2
1585226145407408128,153.002912,180.819552,-0.832546,0.009362,0.720031,-0.693593,0.019888,1.013313,2
1585226145506408192,153.015184,180.060738,-0.825506,0.008998,0.720463,-0.693172,0.019066,1.013313,2
1585226145605408512,153.027621,179.291783,-0.817288,0.009446,0.720687,-0.692937,0.018969,1.013313,2
1585226145704408832,153.044872,178.529451,-0.848573,0.009651,0.720742,-0.692879,0.018908,1.013313,2
1585226145803408896,153.051476,177.763334,-0.810361,0.009676,0.721073,-0.692545,0.018499,1.013313,2
1585226145869409024,153.057576,177.253882,-0.808805,0.009920,0.721679,-0.691913,0.018344,1.013313,2
1585226145935409152,153.067532,176.745058,-0.806666,0.010070,0.722164,-0.691410,0.018160,1.013313,2
1585226146001409536,153.071213,176.237742,-0.805090,0.010131,0.722802,-0.690749,0.017915,1.013313,2
1585226146100409600,153.072351,175.478020,-0.804989,0.010172,0.723218,-0.690322,0.017547,1.013313,2
1585226146199409920,153.077303,174.721934,-0.873972,0.009930,0.722531,-0.691058,0.016997,1.013313,2
1585226146298410240,153.071133,173.977207,-0.808150,0.009640,0.721684,-0.691960,0.016466,1.013313,2
1585226146397410304,153.078433,173.228256,-0.809129,0.010938,0.721813,-0.691779,0.017571,1.013313,2
1585226146463410432,153.076258,172.728008,-0.809077,0.011216,0.723010,-0.690521,0.017675,1.013313,2
1585226146562410752,153.083977,171.986680,-0.803170,0.010442,0.723981,-0.689544,0.016494,1.013313,2
1585226146661411072,153.092998,171.255384,-0.797542,0.010139,0.724113,-0.689431,0.015553,1.013313,2
1585226146760411392,153.091871,170.540792,-0.799526,0.010222,0.722313,-0.691313,0.015685,1.013313,2
1585226146859411456,153.090017,169.839242,-0.800253,0.009899,0.720537,-0.693167,0.015718,1.013313,2
1585226146958411776,153.093834,169.143099,-0.790443,0.010068,0.720906,-0.692784,0.015588,1.013313,2
1585226147057411840,153.103182,168.455742,-0.856022,0.010022,0.722078,-0.691568,0.015374,1.013313,2
1585226147123412224,153.101515,167.990305,-0.773328,0.009405,0.723305,-0.690304,0.014901,1.013313,2
1585226147189412352,153.109789,167.537338,-0.772172,0.009123,0.723620,-0.689982,0.014658,1.013313,2
1585226147255412480,153.114236,167.091720,-0.774216,0.008832,0.723594,-0.690021,0.014322,1.013313,2
1585226147321412608,153.125892,166.650774,-0.772885,0.008374,0.723421,-0.690214,0.014003,1.013313,2
1585226147387412736,153.135169,166.221192,-0.813681,0.008180,0.722998,-0.690655,0.014239,1.013313,2
1585226147453412864,153.146480,165.785770,-0.762793,0.007855,0.722750,-0.690917,0.014299,1.013313,2
1585226147519412992,153.151983,165.358003,-0.758917,0.008443,0.722637,-0.691009,0.015178,1.013313,2
1585226147585413120,153.152644,164.933418,-0.757343,0.009080,0.722269,-0.691366,0.016063,1.013313,2
1585226147651413504,153.158819,164.504949,-0.754334,0.009645,0.722248,-0.691358,0.016978,1.013313,2
1585226147750413568,153.162095,163.874234,-0.751812,0.009715,0.722629,-0.690932,0.018044,1.013313,2
1585226147849413888,153.170112,163.254775,-0.749327,0.008888,0.723350,-0.690181,0.018357,1.013313,2
1585226147948414208,153.179663,162.646772,-0.753880,0.008217,0.724397,-0.689069,0.019117,1.013313,2
1585226148080414464,153.197661,161.866711,-0.728773,0.007981,0.724788,-0.688602,0.021116,1.013313,2
1585226148179414528,153.207774,161.303005,-0.723369,0.008093,0.724570,-0.688784,0.022553,1.013313,2
1585226148311415040,153.230171,160.580708,-0.711114,0.007502,0.724274,-0.689081,0.023191,1.013313,2
1585226148410415104,153.252235,160.055527,-0.700262,0.006329,0.724428,-0.688938,0.023015,1.013313,2
1585226148509415424,153.271939,159.553630,-0.693818,0.005287,0.724868,-0.688483,0.023033,1.013313,2
1585226148608415744,153.287897,159.068585,-0.687935,0.004634,0.725357,-0.687960,0.023388,1.013313,2
1585226148707415808,153.307599,158.613933,-0.735659,0.004161,0.725526,-0.687770,0.023798,1.013313,2
1585226148839416320,153.328543,158.016437,-0.678777,0.003620,0.725581,-0.687675,0.024929,1.013313,2
1585226148971416576,153.352791,157.459270,-0.673313,0.002405,0.725211,-0.688046,0.025620,1.013313,2
1585226149136417024,153.381708,156.791487,-0.671812,-0.000849,0.723710,-0.689590,0.026625,1.013313,2
1585226149301417216,153.402251,156.155280,-0.702721,-0.004343,0.722204,-0.691092,0.028183,1.013313,2
1585226149466417664,153.443819,155.524386,-0.687338,-0.008338,0.722019,-0.691148,0.030560,1.013313,2
1585226149664418048,153.492907,154.788599,-0.690101,-0.013159,0.720106,-0.692796,0.036163,1.013313,2
1585226149829418496,153.556396,154.183433,-0.692762,-0.019332,0.719665,-0.692903,0.039919,1.013313,2
1585226150027419136,153.652227,153.462072,-0.721516,-0.029377,0.719827,-0.692199,0.042979,1.013313,2
1585226150225419520,153.767538,152.734728,-0.690619,-0.038076,0.718378,-0.692971,0.047701,1.013313,2
1585226150423419904,153.895223,151.980482,-0.685282,-0.047287,0.716674,-0.693903,0.051392,1.013313,2
1585226150588420352,154.032906,151.314890,-0.687222,-0.056784,0.715889,-0.694059,0.050601,1.013313,2
1585226150753420800,154.170436,150.595233,-0.714848,-0.062071,0.715764,-0.693712,0.050919,1.013313,2
1585226150918421248,154.287939,149.879163,-0.673800,-0.064635,0.716096,-0.692991,0.052840,1.013313,2
1585226151050421504,154.409745,149.277026,-0.663596,-0.069184,0.716622,-0.692166,0.050723,1.013313,2
1585226151182421760,154.550754,148.665138,-0.663485,-0.075793,0.715476,-0.693107,0.044172,1.013313,2
1585226151314422016,154.678886,148.036149,-0.671579,-0.078644,0.716019,-0.692491,0.039854,1.013313,2
1585226151446422528,154.762648,147.392683,-0.666824,-0.073508,0.718238,-0.690557,0.043136,1.013313,2
1585226151578422784,154.842423,146.746351,-0.655925,-0.067799,0.719121,-0.690097,0.045115,1.013313,2
1585226151677422848,154.925383,146.256702,-0.651629,-0.067618,0.719794,-0.689615,0.041889,1.013313,2
1585226151776423168,155.023910,145.765990,-0.655062,-0.070721,0.720044,-0.689419,0.035169,1.013313,2
1585226151875423488,155.115635,145.269956,-0.666405,-0.072465,0.719571,-0.689982,0.029873,1.013313,2
1585226151974423552,155.180943,144.762651,-0.670490,-0.069954,0.720504,-0.689288,0.029381,1.013313,2
1585226152073423872,155.237470,144.259106,-0.702707,-0.064007,0.722120,-0.688076,0.031591,1.013313,2
1585226152172424192,155.269234,143.734342,-0.659449,-0.058379,0.722549,-0.688109,0.031946,1.013313,2
1585226152271424512,155.330889,143.220181,-0.660174,-0.056089,0.721366,-0.689708,0.028062,1.013313,2
1585226152370424576,155.399729,142.702825,-0.666990,-0.055684,0.719800,-0.691575,0.022612,1.013313,2
1585226152469424896,155.460329,142.179524,-0.671578,-0.054689,0.718529,-0.693104,0.018230,1.013313,2
1585226152568425216,155.505853,141.644340,-0.672168,-0.051429,0.718743,-0.693190,0.015884,1.013313,2
1585226152634425344,155.531069,141.279766,-0.672304,-0.048452,0.720743,-0.691349,0.014815,1.013313,2
1585226152700425472,155.556044,140.910420,-0.673025,-0.045721,0.723007,-0.689195,0.013418,1.013313,2
1585226152766425600,155.581783,140.539429,-0.675464,-0.043570,0.724954,-0.687321,0.011537,1.013313,2
1585226152832425728,155.608023,140.165156,-0.678095,-0.041655,0.726097,-0.686260,0.009770,1.013313,2
1585226152898425856,155.634317,139.808162,-0.703050,-0.039899,0.726255,-0.686213,0.008594,1.013313,2
1585226152964425984,155.653518,139.417483,-0.678978,-0.037990,0.726062,-0.686537,0.007623,1.013313,2
1585226153030426112,155.673177,139.044889,-0.676692,-0.036456,0.725585,-0.687135,0.006479,1.013313,2
1585226153096426240,155.690013,138.684123,-0.683377,-0.034404,0.723974,-0.688946,0.005619,1.013313,2
1585226153162426624,155.703933,138.307912,-0.683339,-0.032043,0.721773,-0.691371,0.004792,1.013313,2
1585226153228426752,155.717261,137.937081,-0.690411,-0.030223,0.719611,-0.693711,0.003378,1.013313,2
1585226153294426880,155.736825,137.544687,-0.700420,-0.029090,0.718195,-0.695232,0.001342,1.013313,2
1585226153360427008,155.747327,137.170313,-0.698103,-0.027515,0.718430,-0.695055,-0.000029,1.013313,2
1585226153426427136,155.758946,136.770742,-0.697905,-0.025537,0.719973,-0.693531,-0.000929,1.013313,2
1585226153492427264,155.769742,136.366171,-0.698464,-0.023640,0.722156,-0.691323,-0.001970,1.013313,2
1585226153558427392,155.775440,135.963391,-0.689838,-0.021321,0.724217,-0.689238,-0.002450,1.013313,2
1585226153624427520,155.779101,135.561078,-0.685991,-0.018913,0.725535,-0.687922,-0.002392,1.013313,2
1585226153690427648,155.783676,135.157487,-0.683526,-0.017424,0.726281,-0.687172,-0.002681,1.013313,2
1585226153756428032,155.793801,134.769902,-0.686165,-0.016961,0.726367,-0.687088,-0.003631,1.013313,2
1585226153822428160,155.800297,134.358571,-0.687073,-0.016829,0.725746,-0.687741,-0.004688,1.013313,2
1585226153888428288,155.809732,133.957384,-0.695361,-0.016942,0.724774,-0.688755,-0.005691,1.013313,2
1585226153954428416,155.817091,133.557953,-0.701941,-0.016899,0.723895,-0.689674,-0.006365,1.013313,2
1585226154020428544,155.822748,133.153498,-0.706150,-0.016475,0.723483,-0.690114,-0.006571,1.013313,2
1585226154119428864,155.828504,132.544603,-0.726121,-0.015321,0.723779,-0.689835,-0.006123,1.013313,2
1585226154218429184,155.837549,131.918133,-0.707496,-0.014845,0.723980,-0.689634,-0.006101,1.013313,2
1585226154317429248,155.847946,131.300085,-0.707644,-0.014664,0.723799,-0.689825,-0.006414,1.013313,2
1585226154449429504,155.863797,130.477269,-0.713466,-0.014732,0.723625,-0.690002,-0.006883,1.013313,2
1585226154581430016,155.874213,129.654882,-0.719986,-0.014994,0.724006,-0.689592,-0.007287,1.013313,2
1585226154680430080,155.885358,129.035438,-0.720223,-0.015720,0.725332,-0.688172,-0.008129,1.013313,2
1585226154779430400,155.899488,128.412365,-0.720800,-0.017115,0.727507,-0.685819,-0.009625,1.013313,2
1585226154878430720,155.914845,127.798592,-0.763190,-0.018385,0.729584,-0.683557,-0.010921,1.013313,2
1585226154977430784,155.927073,127.177975,-0.734069,-0.018980,0.730843,-0.682184,-0.011586,1.013313,2
1585226155076431104,155.938016,126.575868,-0.731376,-0.017941,0.730940,-0.682126,-0.010478,1.013313,2
1585226155175431424,155.942013,125.992801,-0.731688,-0.016503,0.729645,-0.683572,-0.008698,1.013313,2
1585226155274431488,155.947806,125.424001,-0.738228,-0.016364,0.727302,-0.686074,-0.008159,1.013313,2
1585226155406432000,155.971152,124.680486,-0.746862,-0.017708,0.724851,-0.688617,-0.009236,1.013313,2
1585226155538432256,155.986730,123.954598,-0.748864,-0.018397,0.724860,-0.688594,-0.008794,1.013313,2
1585226155637432320,155.987732,123.423791,-0.746220,-0.017060,0.726143,-0.687304,-0.006158,1.013313,2
1585226155736432640,155.985456,122.908432,-0.744429,-0.015608,0.727091,-0.686352,-0.004019,1.013313,2
1585226155868432896,155.990178,122.256047,-0.754706,-0.015401,0.726332,-0.687159,-0.004133,1.013313,2
1585226156033433344,156.015526,121.472484,-0.762091,-0.017184,0.726774,-0.686636,-0.005979,1.013313,2
1585226156231433984,156.030458,120.572464,-0.794835,-0.016988,0.726472,-0.686955,-0.006512,1.013313,2
1585226156429434368,156.047045,119.691739,-0.775653,-0.017219,0.726256,-0.687175,-0.006808,1.013313,2
1585226156594434816,156.060638,118.954935,-0.781279,-0.017411,0.727322,-0.686030,-0.007897,1.013313,2
1585226156726435072,156.070792,118.374987,-0.784786,-0.017958,0.727844,-0.685449,-0.008983,1.013313,2
1585226156858435328,156.091296,117.796995,-0.806767,-0.019839,0.728418,-0.684749,-0.011518,1.013313,2
1585226157023435776,156.099086,117.087882,-0.803209,-0.019168,0.727157,-0.686108,-0.011447,1.013313,2
1585226157155436032,156.100590,116.523208,-0.806676,-0.018044,0.726322,-0.687036,-0.010603,1.013313,2
1585226157320436480,156.110890,115.818771,-0.810791,-0.018071,0.725710,-0.687671,-0.011244,1.013313,2
1585226157485436928,156.127372,115.125257,-0.818873,-0.018502,0.723130,-0.690348,-0.012650,1.013313,2
1585226157617437184,156.131865,114.570834,-0.812748,-0.017648,0.723062,-0.690471,-0.010937,1.013313,2
1585226157749437440,156.125280,114.028083,-0.820057,-0.016305,0.724002,-0.689563,-0.007635,1.013313,2
1585226157881437696,156.132071,113.496472,-0.803883,-0.017117,0.723385,-0.690202,-0.006527,1.013313,2
1585226158046438144,156.163855,112.866354,-0.795283,-0.019438,0.723354,-0.690170,-0.006865,1.013313,2
1585226158211438592,156.181670,112.266623,-0.786281,-0.020240,0.724775,-0.688670,-0.005097,1.013313,2
1585226158343438848,156.186982,111.816105,-0.789519,-0.020469,0.725441,-0.687972,-0.003219,1.013313,2
1585226158574439424,156.212458,111.083064,-0.807808,-0.023127,0.725606,-0.687722,0.000088,1.013313,2
1585226158838439936,156.272915,110.281464,-0.803977,-0.028332,0.725786,-0.687336,0.001060,1.013313,2
1585226159102440704,156.311848,109.475579,-0.810143,-0.030301,0.726370,-0.686636,-0.000483,1.013313,2
1585226159333441280,156.340613,108.760618,-0.817665,-0.027774,0.725667,-0.687481,-0.002339,1.013313,2
1585226159531441664,156.352619,108.111972,-0.820502,-0.024971,0.724333,-0.688996,-0.001597,1.013313,2
1585226159729442048,156.379814,107.419044,-0.825581,-0.025923,0.722809,-0.690549,-0.004083,1.013313,2
1585226159894442496,156.401638,106.807491,-0.821995,-0.026432,0.722703,-0.690629,-0.005818,1.013313,2
1585226160092443136,156.429806,106.031999,-0.833784,-0.027141,0.722111,-0.691197,-0.008159,1.013313,2
1585226160323443456,156.468990,105.108230,-0.825822,-0.026433,0.722493,-0.690802,-0.009908,1.013313,2
1585226160521444096,156.478288,104.293509,-0.820852,-0.022107,0.725025,-0.688249,-0.012802,1.013313,2
1585226160686444544,156.472108,103.622012,-0.817358,-0.016463,0.727030,-0.686032,-0.022745,1.013313,2
1585226160818444800,156.448171,103.105954,-0.818852,-0.007833,0.726377,-0.686522,-0.031669,1.013313,2
1585226160950445056,156.390419,102.610240,-0.817305,0.004319,0.724327,-0.688279,-0.040039,1.013313,2
1585226161082445312,156.288006,102.115881,-0.833706,0.020021,0.722770,-0.689057,-0.049030,1.013313,2
1585226161214445824,156.178026,101.667050,-0.816282,0.036684,0.721123,-0.689279,-0.059426,1.013313,2
1585226161346446080,156.050945,101.201986,-0.819396,0.052837,0.719686,-0.688721,-0.070167,1.013313,2
1585226161478446336,155.913237,100.745990,-0.826008,0.068871,0.718525,-0.687418,-0.080213,1.013313,2
1585226161610446592,155.762286,100.297906,-0.824767,0.083784,0.717829,-0.685492,-0.088332,1.013313,2
1585226161742446848,155.610888,99.853921,-0.812912,0.095745,0.717261,-0.683759,-0.094040,1.013313,2
1585226161907447296,155.423405,99.309287,-0.806470,0.105861,0.717124,-0.681998,-0.096982,1.013313,2
1585226162072447744,155.251928,98.774117,-0.799592,0.110139,0.718025,-0.680710,-0.094572,1.013313,2
1585226162270448128,155.061545,98.160078,-0.822129,0.108891,0.719553,-0.680042,-0.089045,1.013313,2
1585226162435448576,154.938416,97.685740,-0.815945,0.104536,0.721006,-0.679830,-0.083987,1.013313,2
1585226162633448960,154.810954,97.147509,-0.819720,0.100027,0.722801,-0.679288,-0.078241,1.013313,2
1585226162831449600,154.692384,96.655827,-0.825990,0.096239,0.723617,-0.679676,-0.071811,1.013313,2
1585226163029449984,154.603719,96.192615,-0.837191,0.090435,0.723132,-0.681481,-0.066977,1.013313,2
1585226163227450368,154.520827,95.735471,-0.835633,0.084783,0.723987,-0.681865,-0.060949,1.013313,2
1585226163491451136,154.409171,95.155416,-0.837532,0.079516,0.726236,-0.681155,-0.047817,1.013313,2
1585226163755451648,154.372138,94.604954,-0.844700,0.064951,0.725139,-0.684427,-0.038923,1.013313,2
1585226164019452416,154.323683,94.055150,-0.858162,0.055343,0.725721,-0.685227,-0.027035,1.013313,2
1585226164250452992,154.290435,93.569812,-0.858904,0.046874,0.725066,-0.686827,-0.018711,1.013313,2
1585226164448453376,154.307009,93.132818,-0.861036,0.036003,0.722463,-0.690256,-0.017228,1.013313,2
1585226164679453952,154.250349,92.549399,-0.879155,0.036579,0.722711,-0.690159,-0.005532,1.013313,2
1585226164877454336,154.212401,92.001080,-0.881912,0.033587,0.723611,-0.689386,0.002569,1.013313,2
1585226165075454976,154.228345,91.412604,-0.889376,0.025798,0.722762,-0.690586,0.006319,1.013313,2
1585226165273455360,154.224633,90.782074,-0.883009,0.020747,0.723460,-0.689935,0.012856,1.013313,2
1585226165438455808,154.229294,90.221199,-0.872170,0.018716,0.724223,-0.689110,0.016662,1.013313,2
1585226165603456000,154.231731,89.643923,-0.879315,0.016704,0.722316,-0.691095,0.019196,1.013313,2
1585226165735456512,154.231327,89.156410,-0.881612,0.015705,0.721148,-0.692324,0.019658,1.013313,2
1585226165867456768,154.235703,88.638258,-0.878333,0.015208,0.721454,-0.692009,0.019892,1.013313,2
1585226166032457216,154.232256,87.959095,-0.880654,0.016021,0.721492,-0.691944,0.020168,1.013313,2
1585226166197457408,154.235989,87.247053,-0.876277,0.017563,0.720075,-0.693378,0.020251,1.013313,2
1585226166329457920,154.239629,86.646167,-0.869632,0.018539,0.720124,-0.693326,0.019409,1.013313,2
1585226166461458176,154.233130,86.022753,-0.871824,0.019385,0.721249,-0.692154,0.018626,1.013313,2
1585226166593458432,154.234305,85.372036,-0.875822,0.019943,0.722898,-0.690446,0.017476,1.013313,2
1585226166725458688,154.239680,84.710794,-0.877238,0.020614,0.723157,-0.690180,0.016465,1.013313,2
1585226166857459200,154.219177,84.034728,-0.891866,0.021675,0.724375,-0.688880,0.015967,1.013313,2
1585226166989459456,154.202240,83.344675,-0.887055,0.024460,0.724217,-0.688908,0.017844,1.013313,2
1585226167121459712,154.187514,82.657086,-0.898843,0.025205,0.722893,-0.690246,0.018728,1.013313,2
1585226167253459968,154.188926,81.967928,-0.898783,0.024323,0.723680,-0.689473,0.017945,1.013313,2
1585226167385460480,154.183197,81.277385,-0.898704,0.023988,0.724736,-0.688341,0.019213,1.013313,2
1585226167517460736,154.167212,80.600522,-0.888094,0.025731,0.725567,-0.687274,0.023357,1.013313,2
1585226167649460992,154.164112,79.921829,-0.893374,0.024368,0.724569,-0.688303,0.025384,1.013313,2
1585226167748461312,154.171769,79.423687,-0.891694,0.020817,0.723512,-0.689561,0.024557,1.013313,2
1585226167847461376,154.181038,78.928587,-0.889875,0.018643,0.723460,-0.689681,0.024459,1.013313,2
1585226167979461888,154.185331,78.276111,-0.891290,0.018648,0.724293,-0.688706,0.027141,1.013313,2
1585226168111462144,154.190062,77.647671,-0.895172,0.019224,0.726103,-0.686629,0.030760,1.013313,2
1585226168243462400,154.202334,77.029373,-0.880686,0.017192,0.726749,-0.685980,0.031165,1.013313,2
1585226168375462656,154.229528,76.437474,-0.873221,0.014009,0.725979,-0.686903,0.030385,1.013313,2
1585226168540463104,154.245437,75.719001,-0.875903,0.012997,0.724171,-0.688710,0.032948,1.013313,2
1585226168705463552,154.282792,75.004800,-0.867250,0.013011,0.724181,-0.688632,0.034341,1.013313,2
1585226168903463936,154.330655,74.168230,-0.860614,0.010497,0.726186,-0.686605,0.033428,1.013313,2
1585226169134464512,154.348596,73.233668,-0.872260,0.011547,0.727949,-0.684618,0.035422,1.013313,2
1585226169431465216,154.396336,72.124998,-0.869073,0.008440,0.728813,-0.683886,0.032555,1.013313,2
1585226169728465920,154.432705,71.138601,-0.874505,0.004679,0.725421,-0.687521,0.032516,1.013313,2
1585226170058466816,154.491303,70.196419,-0.872596,0.000668,0.720633,-0.692536,0.032903,1.013313,2
1585226170454467584,154.570115,69.254160,-0.863710,-0.005464,0.718484,-0.694443,0.038725,1.013313,2
1585226170883468800,154.666336,68.528640,-0.859020,-0.019981,0.715960,-0.696097,0.049508,1.013313,2
1585226171279469568,154.813778,67.937778,-0.838963,-0.042362,0.713677,-0.696329,0.063218,1.013313,2
1585226171576470272,154.959411,67.448069,-0.817164,-0.063322,0.711045,-0.695259,0.083785,1.013313,2
1585226171807470848,155.144165,67.010480,-0.801918,-0.088952,0.707968,-0.692658,0.105324,1.013313,2
1585226172005471488,155.353263,66.598370,-0.794242,-0.117010,0.704821,-0.687371,0.130604,1.013313,2
1585226172170471680,155.590982,66.232911,-0.789965,-0.145074,0.701409,-0.680677,0.153811,1.013313,2
1585226172302472192,155.822969,65.940488,-0.791530,-0.170580,0.697570,-0.674329,0.171987,1.013313,2
1585226172467472384,156.160329,65.561646,-0.793369,-0.204201,0.691426,-0.664937,0.195168,1.013313,2
1585226172599472896,156.446005,65.266948,-0.787369,-0.227762,0.685658,-0.656132,0.217918,1.013313,2
1585226172731473152,156.764656,64.964409,-0.785024,-0.250629,0.677917,-0.647299,0.242109,1.013313,2
1585226172863473408,157.127567,64.666925,-0.786820,-0.273803,0.668374,-0.638075,0.266774,1.013313,2
1585226172995473664,157.530978,64.386342,-0.796764,-0.299229,0.657210,-0.627891,0.290326,1.013313,2
1585226173127474176,157.976838,64.129838,-0.812036,-0.322413,0.645667,-0.616504,0.314780,1.013313,2
1585226173226474240,158.332317,63.940720,-0.814566,-0.339347,0.636570,-0.606707,0.333958,1.013313,2
1585226173325474560,158.704597,63.753426,-0.814112,-0.355211,0.627562,-0.595725,0.353701,1.013313,2
1585226173424474880,159.102198,63.592481,-0.812942,-0.371953,0.617841,-0.585003,0.371072,1.013313,2
1585226173523474944,159.524967,63.450781,-0.822045,-0.388962,0.608170,-0.574544,0.385664,1.013313,2
1585226173622475264,159.971104,63.330249,-0.832319,-0.405135,0.598064,-0.564830,0.398940,1.013313,2
1585226173721475584,160.430206,63.217006,-0.840662,-0.419141,0.588988,-0.553940,0.412994,1.013313,2
1585226173820475648,160.903760,63.108084,-0.842207,-0.431767,0.581385,-0.542155,0.426189,1.013313,2
1585226173919475968,161.397905,63.019531,-0.838721,-0.444579,0.573365,-0.531832,0.436756,1.013313,2
1585226174018476288,161.906174,62.958266,-0.838556,-0.456402,0.563864,-0.523784,0.446547,1.013313,2
1585226174150476544,162.594244,62.906150,-0.854240,-0.469862,0.550157,-0.515055,0.459646,1.013313,2
1585226174282476800,163.313246,62.849486,-0.864890,-0.479353,0.539893,-0.504996,0.472986,1.013313,2
1585226174414477056,164.060674,62.809339,-0.870561,-0.487560,0.532012,-0.496038,0.482902,1.013313,2
1585226174546477312,164.825956,62.805947,-0.866717,-0.495463,0.524375,-0.490960,0.488370,1.013313,2
1585226174678477824,165.607395,62.830761,-0.869547,-0.502262,0.517875,-0.487911,0.491407,1.013313,2
1585226174843478272,166.601665,62.851586,-0.874789,-0.507030,0.514692,-0.481539,0.496118,1.013313,2
1585226175008478464,167.608461,62.872193,-0.900359,-0.509595,0.513309,-0.474918,0.501277,1.013313,2
1585226175173478912,168.656585,62.915028,-0.900803,-0.513367,0.509555,-0.470956,0.504984,1.013313,2
1585226175305479168,169.525562,62.971180,-0.867204,-0.517044,0.505266,-0.469737,0.506675,1.013313,2
1585226175470479616,170.615631,63.042197,-0.849969,-0.519428,0.502856,-0.467386,0.508803,1.013313,2
1585226175602479872,171.507304,63.092252,-0.867224,-0.520601,0.502574,-0.464661,0.510376,1.013313,2
1585226175767480320,172.658404,63.162835,-0.876014,-0.522370,0.503092,-0.461328,0.511081,1.013313,2
1585226175899480576,173.566849,63.234840,-0.884674,-0.523541,0.501614,-0.460529,0.512056,1.013313,2
1585226176031481088,174.490074,63.307126,-0.889919,-0.523917,0.500863,-0.460170,0.512729,1.013313,2
1585226176163481344,175.421695,63.375109,-0.896100,-0.524371,0.500368,-0.459347,0.513485,1.013313,2
1585226176295481600,176.357746,63.449257,-0.897086,-0.525005,0.499654,-0.459154,0.513705,1.013313,2
1585226176427481856,177.307541,63.528315,-0.902685,-0.525355,0.498681,-0.459281,0.514179,1.013313,2
1585226176559482112,178.245972,63.606151,-0.904353,-0.525415,0.497691,-0.459367,0.515000,1.013313,2
1585226176691482624,179.183720,63.688201,-0.906988,-0.525552,0.496723,-0.459791,0.515416,1.013313,2
1585226176823482880,180.122808,63.770122,-0.905038,-0.526302,0.496512,-0.459424,0.515181,1.013313,2
1585226176922483200,180.831075,63.830710,-0.903110,-0.526589,0.496730,-0.459084,0.514981,1.013313,2
1585226177021483264,181.534955,63.889818,-0.903245,-0.526503,0.497018,-0.459033,0.514837,1.013313,2
1585226177153483520,182.471346,63.968802,-0.907007,-0.526744,0.497295,-0.459219,0.514156,1.013313,2
1585226177285484032,183.435035,64.049063,-0.905175,-0.527415,0.497770,-0.459317,0.512919,1.013313,2
1585226177417484288,184.359262,64.127050,-0.913735,-0.527969,0.498396,-0.459154,0.511886,1.013313,2
1585226177549484544,185.311832,64.200856,-0.918021,-0.527360,0.498755,-0.459254,0.512075,1.013313,2
1585226177681484800,186.253741,64.271230,-0.924632,-0.526352,0.499170,-0.459407,0.512571,1.013313,2
1585226177813485312,187.187078,64.344294,-0.930213,-0.525801,0.499297,-0.459948,0.512527,1.013313,2
1585226177945485568,188.059838,64.416841,-0.930607,-0.525885,0.499669,-0.459960,0.512067,1.013313,2
1585226178044485888,188.793865,64.470571,-0.931595,-0.525626,0.499695,-0.460224,0.512070,1.013313,2
1585226178176486144,189.705973,64.538899,-0.935098,-0.524760,0.499870,-0.460426,0.512606,1.013313,2
1585226178275486208,190.389030,64.590903,-0.937423,-0.524243,0.499841,-0.460848,0.512784,1.013313,2
1585226178407486720,191.306329,64.666203,-0.938958,-0.525091,0.498902,-0.462245,0.511573,1.013313,2
1585226178539486976,192.223509,64.748110,-0.941453,-0.527282,0.497362,-0.463614,0.509576,1.013313,2
1585226178671487232,193.191691,64.824187,-0.936117,-0.528282,0.496727,-0.462947,0.509765,1.013313,2
1585226178803487488,194.034986,64.890142,-0.942994,-0.528089,0.496553,-0.460665,0.512196,1.013313,2
1585226178968487936,195.164427,65.002093,-0.945130,-0.530133,0.492884,-0.459717,0.514475,1.013313,2
1585226179133488384,196.296850,65.130808,-0.944485,-0.533528,0.488751,-0.457480,0.516897,1.013313,2
1585226179298488832,197.419962,65.245909,-0.941080,-0.534958,0.487140,-0.452447,0.521350,1.013313,2
1585226179430489088,198.295016,65.364641,-0.956009,-0.538101,0.484280,-0.450112,0.522799,1.013313,2
1585226179562489344,199.185831,65.500173,-0.955599,-0.542598,0.481647,-0.447537,0.522795,1.013313,2
1585226179694489600,200.093067,65.642687,-0.956059,-0.545841,0.479400,-0.444892,0.523741,1.013313,2
1585226179826490112,200.917958,65.787938,-0.960606,-0.548567,0.475002,-0.444832,0.524949,1.013313,2
1585226179958490368,201.783282,65.935462,-0.956347,-0.549338,0.470586,-0.445346,0.527677,1.013313,2
1585226180057490432,202.465279,66.048001,-0.933137,-0.550183,0.468701,-0.444452,0.529227,1.013313,2
1585226180189490944,203.288225,66.194711,-0.935688,-0.552125,0.466758,-0.443326,0.529865,1.013313,2
1585226180321491200,204.139479,66.369512,-0.925949,-0.554851,0.463739,-0.443927,0.529165,1.013313,2
1585226180453491456,204.985302,66.531003,-0.920248,-0.556534,0.461716,-0.444213,0.528926,1.013313,2
1585226180585491712,205.829981,66.683206,-0.918310,-0.557099,0.462190,-0.443606,0.528427,1.013313,2
1585226180684492032,206.456859,66.798141,-0.917711,-0.557669,0.462734,-0.443901,0.527100,1.013313,2
1585226180783492352,207.083723,66.915969,-0.914206,-0.558352,0.463253,-0.444550,0.525371,1.013313,2
1585226180882492416,207.708281,67.030290,-0.912457,-0.558284,0.463623,-0.445787,0.524067,1.013313,2
1585226180981492736,208.341804,67.141359,-0.907608,-0.557362,0.464791,-0.446906,0.523061,1.013313,2
1585226181113492992,209.154685,67.272522,-0.921194,-0.555803,0.466300,-0.449069,0.521521,1.013313,2
1585226181245493504,209.985110,67.396996,-0.924497,-0.554134,0.469223,-0.449705,0.520126,1.013313,2
1585226181377493760,210.813589,67.516998,-0.934270,-0.554379,0.472033,-0.450271,0.516823,1.013313,2
1585226181476493824,211.427040,67.601443,-0.941183,-0.553184,0.473874,-0.451413,0.515420,1.013313,2
1585226181608494336,212.236156,67.716904,-0.922952,-0.550645,0.474594,-0.455511,0.513868,1.013313,2
1585226181707494400,212.843119,67.792489,-0.941913,-0.547617,0.474866,-0.459173,0.513593,1.013313,2
1585226181839494912,213.650968,67.886024,-0.947175,-0.544007,0.476306,-0.463343,0.512349,1.013313,2
1585226181971495168,214.467459,67.963642,-0.943284,-0.542561,0.480607,-0.464148,0.509127,1.013313,2
1585226182103495424,215.287305,68.038167,-0.941738,-0.541687,0.484717,-0.465287,0.505107,1.013313,2
1585226182202495744,215.896231,68.098982,-0.944960,-0.540648,0.486238,-0.467956,0.502285,1.013313,2
1585226182301495808,216.499127,68.154741,-0.947761,-0.538789,0.486921,-0.471122,0.500658,1.013313,2
1585226182400496128,217.099925,68.194129,-0.957475,-0.536333,0.488307,-0.473089,0.500090,1.013313,2
1585226182499496448,217.702695,68.222687,-0.961363,-0.532921,0.490414,-0.474088,0.500729,1.013313,2
1585226182631496704,218.503217,68.261105,-0.972731,-0.529802,0.492335,-0.475743,0.500584,1.013313,2
1585226182730497024,219.114192,68.297214,-0.967866,0.528870,-0.492824,0.477357,-0.499551,1.013313,2
1585226182829497088,219.726698,68.331794,-0.945243,0.528661,-0.493039,0.478906,-0.498075,1.013313,2
1585226182961497600,220.546271,68.372892,-0.949978,0.527583,-0.494320,0.479468,-0.497407,1.013313,2
1585226183093497856,221.360394,68.406027,-0.944913,0.526161,-0.496482,0.478844,-0.497362,1.013313,2
1585226183225498112,222.177109,68.438521,-0.940054,0.525470,-0.498384,0.478512,-0.496509,1.013313,2
1585226183357498368,223.006440,68.471897,-0.932397,0.525683,-0.499781,0.478754,-0.494642,1.013313,2
1585226183489498624,223.826212,68.504837,-0.924274,0.526124,-0.500798,0.479072,-0.492834,1.013313,2
1585226183621499136,224.648604,68.541088,-0.942054,0.526210,-0.500407,0.480791,-0.491463,1.013313,2
1585226183720499200,225.267240,68.566486,-0.947420,0.525929,-0.499917,0.482230,-0.490852,1.013313,2
1585226183852499712,226.093279,68.589583,-0.968974,0.524604,-0.499963,0.483463,-0.491011,1.013313,2
1585226183951499776,226.716358,68.604020,-0.980249,0.523766,-0.500784,0.483881,-0.490658,1.013313,2
1585226184050500096,227.329882,68.620171,-0.963380,0.523645,-0.501539,0.484605,-0.489298,1.013313,2
1585226184182500352,228.182784,68.649635,-0.969524,0.523295,-0.501121,0.486992,-0.487728,1.013313,2
1585226184314500608,229.020008,68.669691,-0.957455,0.521523,-0.500712,0.488603,-0.488435,1.013313,2
1585226184446501120,229.852794,68.674996,-0.965815,0.519073,-0.502013,0.487845,-0.490463,1.013313,2
1585226184578501376,230.695982,68.676705,-0.971106,0.518065,-0.504119,0.485577,-0.491617,1.013313,2
1585226184710501632,231.550842,68.693167,-0.937427,0.519524,-0.504908,0.484056,-0.490767,1.013313,2
1585226184842501888,232.397795,68.728155,-0.955009,0.521166,-0.503116,0.484877,-0.490056,1.013313,2
1585226184974502400,233.239320,68.752895,-0.965828,0.521521,-0.502303,0.484180,-0.491201,1.013313,2
1585226185106502656,234.092041,68.769666,-0.976646,0.522664,-0.503666,0.481353,-0.491368,1.013313,2
1585226185238502912,234.948782,68.797735,-0.976945,0.524687,-0.503071,0.480718,-0.490441,1.013313,2
1585226185370503168,235.786548,68.835315,-0.974243,0.525384,-0.501620,0.481167,-0.490742,1.013313,2
1585226185502503424,236.625942,68.878326,-0.969722,0.525168,-0.499714,0.481780,-0.492313,1.013313,2
1585226185634503936,237.474107,68.906497,-0.972141,0.524685,-0.499396,0.480974,-0.493937,1.013313,2
1585226185766504192,238.332744,68.936022,-0.951411,0.526203,-0.500164,0.478814,-0.493642,1.013313,2
1585226185898504448,239.170545,68.970339,-0.962983,0.526031,-0.499037,0.479353,-0.494443,1.013313,2
1585226185997504768,239.798397,69.000703,-0.967755,0.524888,-0.498132,0.480277,-0.495673,1.013313,2
1585226186096504832,240.426588,69.026664,-0.972918,0.523451,-0.497009,0.481355,-0.497271,1.013313,2
1585226186228505344,241.275543,69.060061,-0.969301,0.524111,-0.498168,0.480583,-0.496161,1.013313,2
1585226186360505600,242.123508,69.092795,-0.969646,0.525079,-0.499436,0.479450,-0.494958,1.013313,2
1585226186492505856,242.965521,69.122388,-0.972938,0.525144,-0.500017,0.478758,-0.494972,1.013313,2
1585226186591506176,243.599136,69.154284,-0.977403,0.525265,-0.499216,0.480125,-0.494327,1.013313,2
1585226186690506240,244.230405,69.186727,-0.983792,0.524881,-0.498372,0.480959,-0.494777,1.013313,2
1585226186789506560,244.864821,69.213408,-0.988421,0.524880,-0.498504,0.480767,-0.494832,1.013313,2
1585226186888506880,245.491563,69.227557,-0.970172,0.524817,-0.499639,0.479922,-0.494572,1.013313,2
1585226186987506944,246.145031,69.250595,-0.985400,0.524605,-0.500996,0.478880,-0.494436,1.013313,2
1585226187086507264,246.786725,69.273604,-0.987177,0.524357,-0.502188,0.477935,-0.494404,1.013313,2
1585226187185507584,247.428527,69.299779,-0.991816,0.524198,-0.501986,0.478450,-0.494280,1.013313,2
1585226187284507904,248.067345,69.329375,-0.994429,0.524175,-0.500913,0.479730,-0.494151,1.013313,2
1585226187383507968,248.705121,69.360850,-0.992314,0.523362,-0.499824,0.480883,-0.494995,1.013313,2
1585226187482508288,249.347181,69.384183,-0.990210,0.522524,-0.500061,0.480627,-0.495887,1.013313,2
1585226187581508608,249.992875,69.399975,-0.992854,0.521472,-0.500853,0.480044,-0.496760,1.013313,2
1585226187680508672,250.630234,69.417970,-0.986217,0.522825,-0.501963,0.479434,-0.494803,1.013313,2
1585226187779508992,251.289995,69.453101,-0.984124,0.525030,-0.502462,0.479464,-0.491924,1.013313,2
1585226187878509312,251.930536,69.479369,-0.978507,0.525868,-0.502495,0.479660,-0.490804,1.013313,2
1585226187977509376,252.553943,69.494792,-0.977509,0.524287,-0.502386,0.479811,-0.492456,1.013313,2
1585226188076509696,253.174336,69.505066,-0.975468,0.521688,-0.502363,0.479964,-0.495084,1.013313,2
1585226188175510016,253.793225,69.521254,-0.975746,0.519790,-0.501819,0.481022,-0.496602,1.013313,2
1585226188307510272,254.627319,69.548690,-0.969754,0.519864,-0.501821,0.481556,-0.496006,1.013313,2
1585226188439510784,255.453296,69.574422,-0.963865,0.521331,-0.502996,0.480320,-0.494471,1.013313,2
1585226188538510848,256.084251,69.586123,-0.957505,0.521833,-0.504240,0.478923,-0.494030,1.013313,2
1585226188670511360,256.884955,69.606348,-0.948226,0.521477,-0.504452,0.478905,-0.494206,1.013313,2
1585226188802511616,257.675052,69.631126,-0.951945,0.521468,-0.503340,0.480284,-0.494012,1.013313,2
1585226188967512064,258.648424,69.660997,-0.953592,0.522055,-0.502978,0.480746,-0.493311,1.013313,2
1585226189132512256,259.613217,69.696033,-0.946155,0.522966,-0.503742,0.480227,-0.492069,1.013313,2
1585226189297512704,260.569400,69.742106,-0.951046,0.522892,-0.503956,0.480315,-0.491844,1.013313,2
1585226189462513152,261.483238,69.780547,-0.969105,0.522473,-0.503911,0.480828,-0.491833,1.013313,2
1585226189627513600,262.402424,69.818916,-0.974587,0.522521,-0.504977,0.480828,-0.490688,1.013313,2
1585226189792513792,263.291316,69.840906,-0.971102,0.521084,-0.506051,0.481166,-0.490778,1.013313,2
1585226189957514240,264.161095,69.850327,-0.969347,0.519655,-0.506895,0.481743,-0.490856,1.013313,2
1585226190155514880,265.147053,69.861242,-0.974796,0.519265,-0.507189,0.482981,-0.489747,1.013313,2
1585226190353515264,266.115500,69.881990,-0.980177,0.519257,-0.508040,0.483417,-0.488441,1.013313,2
1585226190518515712,266.891414,69.883100,-0.976484,0.517593,-0.509156,0.482927,-0.489530,1.013313,2
1585226190683516160,267.636584,69.877495,-0.967963,0.515578,-0.509976,0.482783,-0.490942,1.013313,2
1585226190848516352,268.368883,69.889724,-0.964795,0.515070,-0.508585,0.485024,-0.490709,1.013313,2
1585226191046516992,269.219399,69.905382,-0.954280,0.515396,-0.508190,0.485462,-0.490343,1.013313,2
1585226191211517184,269.932684,69.901865,-0.956425,0.514336,-0.510503,0.483125,-0.491360,1.013313,2
1585226191409517824,270.740294,69.903338,-0.956159,0.514128,-0.512372,0.481138,-0.491583,1.013313,2
1585226191607518208,271.517903,69.923060,-0.956216,0.515214,-0.511735,0.481724,-0.490534,1.013313,2
1585226191805518592,272.248452,69.936282,-0.954978,0.516106,-0.512013,0.480421,-0.490584,1.013313,2
1585226192003519232,272.931074,69.952099,-0.956311,0.517270,-0.511569,0.478706,-0.491497,1.013313,2
1585226192234519808,273.661028,69.985479,-0.959113,0.520451,-0.508495,0.476670,-0.493305,1.013313,2
1585226192498520320,274.390993,70.022386,-0.962824,0.524166,-0.505790,0.471201,-0.497389,1.013313,2
1585226192828521216,275.094073,70.104689,-0.966533,-0.532016,0.498246,-0.466273,0.501298,1.013313,2
1585226193158521856,275.560335,70.165158,-0.950229,-0.537070,0.491859,-0.463145,0.505101,1.013313,2
1585226193851523584,276.116281,70.239007,-0.966078,-0.540584,0.481668,-0.460260,0.513737,1.013313,2
1585226194379524864,276.550430,70.330280,-0.978993,-0.546023,0.474738,-0.455361,0.518776,1.013313,2
1585226194709525504,276.877566,70.399613,-0.981285,-0.550092,0.469266,-0.451336,0.522957,1.013313,2
1585226195006526208,277.199283,70.476483,-0.984369,-0.554551,0.464091,-0.446781,0.526764,1.013313,2
1585226195369527296,277.628319,70.579705,-0.981658,-0.560792,0.456896,-0.440713,0.531535,1.013313,2
1585226195699527936,278.017101,70.693732,-0.984913,-0.567316,0.449082,-0.434012,0.536760,1.013313,2
1585226196128528896,278.529656,70.863304,-0.971911,-0.576552,0.437759,-0.422747,0.545197,1.013313,2
1585226196458529792,278.904871,71.021539,-0.984851,-0.585945,0.425755,-0.413457,0.551774,1.013313,2
1585226196920530944,279.381964,71.247828,-0.989247,-0.599346,0.409134,-0.398884,0.560612,1.013313,2
1585226197250531584,279.603296,71.377238,-0.986298,-0.606019,0.399038,-0.390766,0.566402,1.013313,2
1585226198372534272,279.875572,71.537837,-0.997587,-0.612921,0.387722,-0.380635,0.573687,1.013313,2
1585226203487546624,279.876431,71.537719,-0.995448,-0.612645,0.387633,-0.380730,0.573979,1.013313,2
1585226203652546816,279.872145,71.536250,-0.995007,-0.612607,0.387579,-0.380637,0.574118,1.013313,2
1585226203751547136,279.861915,71.532993,-0.993560,-0.612401,0.387207,-0.380451,0.574710,1.013313,2
1585226204840549632,280.148058,71.719881,-0.998065,-0.619848,0.374288,-0.369285,0.582517,1.013313,2
1585226205236550656,280.356825,71.856524,-1.000112,-0.625079,0.366010,-0.361434,0.587093,1.013313,2
1585226205764551936,280.679880,72.090862,-0.999703,-0.633444,0.352847,-0.349094,0.593617,1.013313,2
1585226207381555712,281.069448,72.410660,-1.012894,-0.642187,0.334614,-0.333097,0.603884,1.013313,2
1585226207975557120,281.204430,72.536162,-1.014108,-0.645545,0.327545,-0.327102,0.607445,1.013313,2
1585226208305558016,281.339753,72.640928,-1.002634,-0.648474,0.321770,-0.321022,0.610648,1.013313,2
1585226208701558784,281.510265,72.821297,-1.016472,-0.653376,0.309709,-0.308530,0.618053,1.013313,2
1585226208998559744,281.701217,73.042681,-1.021531,-0.660699,0.293459,-0.293250,0.625591,1.013313,2
1585226209262560256,281.905406,73.320819,-1.020894,-0.668689,0.273356,-0.274950,0.634455,1.013313,2
1585226209460560640,282.084003,73.580983,-1.020261,-0.675589,0.256006,-0.257980,0.641472,1.013313,2
1585226209658561280,282.271584,73.880805,-1.028620,-0.682990,0.236259,-0.238558,0.648689,1.013313,2
1585226209823561472,282.426581,74.171683,-1.027581,-0.691495,0.218101,-0.222216,0.651834,1.013313,2
1585226210021562112,282.602648,74.524333,-1.013640,-0.700643,0.197462,-0.200254,0.655749,1.013313,2
1585226210219562496,282.738034,74.862459,-1.037580,-0.705584,0.177601,-0.177295,0.662704,1.013313,2
1585226210384562944,282.822564,75.146517,-1.043179,-0.709140,0.158766,-0.160687,0.667903,1.013313,2
1585226210549563392,282.888836,75.436830,-1.047169,-0.712921,0.140220,-0.144882,0.671634,1.013313,2
1585226210714563584,282.953697,75.721799,-1.045650,-0.716021,0.123218,-0.128414,0.675012,1.013313,2
1585226210912564224,283.014938,76.059103,-1.041023,-0.718593,0.103098,-0.108677,0.679105,1.013313,2
1585226211143564800,283.058964,76.445060,-1.051546,-0.720888,0.081871,-0.088414,0.682496,1.013313,2
1585226211374565376,283.099613,76.821006,-1.064948,-0.721243,0.063571,-0.069346,0.686265,1.013313,2
1585226211638565888,283.088904,77.260007,-1.072477,-0.722004,0.040827,-0.054440,0.688535,1.013313,2
1585226211902566400,283.094891,77.738818,-1.012123,-0.722854,0.024269,-0.040554,0.689383,1.013313,2
1585226212166567168,283.093434,78.279877,-1.076756,-0.724225,0.009890,-0.030649,0.688811,1.013313,2
1585226212397567744,283.102351,78.810699,-1.073348,-0.725169,0.004860,-0.025656,0.688076,1.013313,2
1585226212661568256,283.137583,79.476590,-1.071635,-0.724579,0.005285,-0.024770,0.688727,1.013313,2
1585226212925569024,283.169165,80.193202,-1.059010,-0.728009,0.006005,-0.024506,0.685103,1.013313,2
1585226213189569536,283.289461,80.822099,-1.017282,-0.730184,0.000898,-0.024760,0.682801,1.013313,2
1585226213420570112,283.234624,81.517434,-1.089528,-0.727874,0.005244,-0.025083,0.685232,1.013313,2
1585226213651570688,283.326599,82.153861,-1.023033,-0.728796,0.008861,-0.023162,0.684282,1.013313,2
1585226213882571264,283.294016,82.720725,-1.103415,-0.728158,0.007363,-0.027034,0.684837,1.013313,2
1585226214113571840,283.311439,83.297512,-1.123246,-0.728481,0.007942,-0.025977,0.684527,1.013313,2
1585226214344572416,283.325705,83.863527,-1.084600,-0.729331,0.005012,-0.027906,0.683573,1.013313,2
1585226214608572928,283.356506,84.464903,-1.124389,-0.730284,0.006829,-0.026065,0.682612,1.013313,2
1585226214872573696,283.364133,85.005427,-1.132361,-0.729836,0.005303,-0.024485,0.683163,1.013313,2
1585226215202574336,283.396390,85.592483,-1.131473,-0.729691,0.005767,-0.021800,0.683406,1.013313,2
1585226215532575232,283.392760,86.061425,-1.085973,-0.729100,0.003359,-0.021474,0.684061,1.013313,2
1585226215895576064,283.408647,86.494166,-1.150982,-0.729085,0.003608,-0.020312,0.684112,1.013313,2
1585226216621577728,283.428608,86.964796,-1.161073,-0.727801,0.003737,-0.020811,0.685463,1.013313,2
1585226217842580736,283.428557,87.125932,-1.168627,-0.726526,0.003581,-0.021173,0.686804,1.013313,2
1585226217941580800,283.430288,87.135065,-1.168542,-0.726539,0.003594,-0.021122,0.686791,1.013313,2
1585226218073581312,283.430651,87.147171,-1.167883,-0.726491,0.003633,-0.021220,0.686839,1.013313,2
1585226218172581376,283.431118,87.157058,-1.166980,-0.726449,0.003591,-0.021239,0.686883,1.013313,2
1585226218304581888,283.432851,87.173029,-1.166701,-0.726310,0.003596,-0.021219,0.687030,1.013313,2
1585226218502582272,283.434991,87.209305,-1.165792,-0.725971,0.003666,-0.021122,0.687391,1.013313,2
1585226218898583296,283.437899,87.333447,-1.165601,-0.725969,0.003832,-0.021132,0.687392,1.013313,2
1585226219360584192,283.454710,87.564119,-1.103416,-0.726111,0.004233,-0.020579,0.687256,1.013313,2
1585226220020585728,283.459878,87.809902,-1.175676,-0.727772,0.005178,-0.019731,0.685516,1.013313,2
1585226220152586240,283.460039,87.808898,-1.174639,-0.727691,0.005198,-0.019706,0.685603,1.013313,2
1585226223452594176,283.459594,87.803490,-1.170739,-0.726994,0.005234,-0.019698,0.686341,1.013313,2
1585226223650594560,283.459824,87.804213,-1.170196,-0.727007,0.005253,-0.019665,0.686329,1.013313,2
1585226223881595136,283.460038,87.804923,-1.169238,-0.727007,0.005249,-0.019662,0.686328,1.013313,2
1585226224079595520,283.460201,87.805037,-1.168213,-0.727011,0.005262,-0.019666,0.686324,1.013313,2
1585226224244595968,283.460431,87.805049,-1.167391,-0.727009,0.005264,-0.019672,0.686326,1.013313,2
1585226224376596224,283.460944,87.804752,-1.166420,-0.727012,0.005257,-0.019684,0.686323,1.013313,2
1585226224574596608,283.461186,87.804845,-1.165479,-0.727011,0.005253,-0.019700,0.686323,1.013313,2
1585226224739597056,283.461524,87.804533,-1.164559,-0.727020,0.005263,-0.019703,0.686313,1.013313,2
1585226224937597440,283.461998,87.804355,-1.163681,-0.727018,0.005251,-0.019724,0.686315,1.013313,2
1585226225234598144,283.462076,87.804782,-1.163259,-0.727028,0.005262,-0.019712,0.686304,1.013313,2
1585226225432598784,283.462009,87.805187,-1.162643,-0.727024,0.005276,-0.019702,0.686310,1.013313,2
1585226225597599232,283.462081,87.805126,-1.162173,-0.727029,0.005284,-0.019701,0.686303,1.013313,2
1585226225795599616,283.462256,87.805560,-1.161668,-0.727037,0.005284,-0.019684,0.686295,1.013313,2
1585226226059600384,283.462416,87.805839,-1.160954,-0.727045,0.005282,-0.019677,0.686288,1.013313,2
1585226226290600704,283.462597,87.805477,-1.160573,-0.727047,0.005291,-0.019670,0.686285,1.013313,2
1585226226488601344,283.462616,87.805428,-1.159988,-0.727050,0.005284,-0.019697,0.686281,1.013313,2
1585226226719601920,283.462770,87.805289,-1.159523,-0.727049,0.005290,-0.019705,0.686283,1.013313,2
1585226226950602240,283.462629,87.805638,-1.158732,-0.727066,0.005284,-0.019712,0.686265,1.013313,2
1585226227181602816,283.462936,87.805966,-1.158380,-0.727059,0.005342,-0.019639,0.686273,1.013313,2
1585226227445603584,283.462858,87.806477,-1.157839,-0.727056,0.005301,-0.019674,0.686276,1.013313,2
1585226227841604352,283.463277,87.806606,-1.157136,-0.727075,0.005307,-0.019640,0.686256,1.013313,2
1585226228006604800,283.463330,87.806750,-1.156441,-0.727082,0.005330,-0.019621,0.686250,1.013313,2
1585226228303605504,283.463598,87.806549,-1.155464,-0.727086,0.005320,-0.019632,0.686245,1.013313,2
1585226228666606336,283.463561,87.806547,-1.154804,-0.727085,0.005331,-0.019627,0.686246,1.013313,2
1585226228930607104,283.463535,87.806341,-1.153732,-0.727094,0.005309,-0.019648,0.686236,1.013313,2
1585226229161607680,283.463637,87.806294,-1.152995,-0.727099,0.005296,-0.019650,0.686231,1.013313,2
1585226229755609088,283.463850,87.805764,-1.152779,-0.727103,0.005273,-0.019672,0.686226,1.013313,2
1585226229953609472,283.463883,87.805461,-1.151938,-0.727109,0.005288,-0.019665,0.686220,1.013313,2
1585226230250610176,283.463986,87.805515,-1.150590,-0.727101,0.005285,-0.019679,0.686228,1.013313,2
1585226230448610560,283.463951,87.805668,-1.149370,-0.727108,0.005266,-0.019676,0.686221,1.013313,2
1585226230646611200,283.463981,87.805782,-1.148041,-0.727124,0.005295,-0.019639,0.686204,1.013313,2
1585226231042612224,283.463974,87.805797,-1.146635,-0.727114,0.005273,-0.019657,0.686215,1.013313,2
1585226231339612672,283.464388,87.805158,-1.145349,-0.727119,0.005283,-0.019632,0.686210,1.013313,2
1585226231537613312,283.464445,87.804883,-1.143957,-0.727124,0.005287,-0.019636,0.686205,1.013313,2
1585226231768613888,283.464968,87.804143,-1.142631,-0.727114,0.005291,-0.019621,0.686215,1.013313,2
1585226232131614720,283.465077,87.803774,-1.141203,-0.727118,0.005273,-0.019652,0.686211,1.013313,2
1585226232428615424,283.464925,87.804104,-1.139749,-0.727124,0.005255,-0.019682,0.686204,1.013313,2
1585226232725616128,283.465002,87.804242,-1.139093,-0.727121,0.005280,-0.019653,0.686208,1.013313,2
1585226232989616640,283.465160,87.804816,-1.137896,-0.727126,0.005246,-0.019639,0.686203,1.013313,2
1585226233484617984,283.464998,87.804761,-1.137204,-0.727127,0.005243,-0.019647,0.686202,1.013313,2
1585226233748618496,283.465342,87.804273,-1.135724,-0.727139,0.005246,-0.019644,0.686189,1.013313,2
1585226233979619072,283.465511,87.804655,-1.134747,-0.727151,0.005293,-0.019577,0.686178,1.013313,2
1585226234243619840,283.464877,87.805259,-1.133272,-0.727136,0.005272,-0.019623,0.686192,1.013313,2
1585226234507620352,283.464344,87.806171,-1.131818,-0.727123,0.005206,-0.019698,0.686204,1.013313,2
1585226234969621504,283.464739,87.806219,-1.130725,-0.727137,0.005260,-0.019630,0.686191,1.013313,2
1585226235398622464,283.465301,87.805918,-1.129391,-0.727143,0.005251,-0.019624,0.686185,1.013313,2
1585226235728623360,283.464908,87.806408,-1.127795,-0.727148,0.005261,-0.019644,0.686180,1.013313,2
1585226235959623936,283.464502,87.807168,-1.126677,-0.727135,0.005252,-0.019668,0.686193,1.013313,2
1585226236223624448,283.464508,87.807376,-1.125046,-0.727123,0.005211,-0.019717,0.686204,1.013313,2
1585226236652625408,283.464498,87.807505,-1.123848,-0.727135,0.005247,-0.019678,0.686193,1.013313,2
1585226237048626432,283.464085,87.807892,-1.122537,-0.727132,0.005246,-0.019690,0.686195,1.013313,2
1585226237444627456,283.463828,87.808349,-1.120761,-0.727136,0.005216,-0.019724,0.686190,1.013313,2
1585226237741628160,283.464036,87.808199,-1.119362,-0.727135,0.005227,-0.019714,0.686192,1.013313,2
1585226238071628800,283.464145,87.808591,-1.117951,-0.727140,0.005232,-0.019695,0.686187,1.013313,2
1585226238368629504,283.464079,87.808860,-1.116329,-0.727149,0.005215,-0.019720,0.686177,1.013313,2
1585226238599630080,283.464488,87.808416,-1.115060,-0.727158,0.005241,-0.019679,0.686168,1.013313,2
1585226238896630784,283.464835,87.808082,-1.113375,-0.727168,0.005230,-0.019689,0.686157,1.013313,2
1585226239127631360,283.464861,87.808292,-1.111837,-0.727171,0.005240,-0.019693,0.686154,1.013313,2
1585226239556632320,283.465158,87.808632,-1.110491,-0.727190,0.005280,-0.019617,0.686135,1.013313,2
1585226239886633216,283.465142,87.808338,-1.108423,-0.727189,0.005223,-0.019655,0.686136,1.013313,2
1585226240744635136,283.464810,87.808909,-1.106895,-0.727204,0.005188,-0.019654,0.686120,1.013313,2
1585226241305636608,283.465334,87.807766,-1.105690,-0.727101,0.005149,-0.019632,0.686230,1.013313,2
1585226241503636992,283.464915,87.807924,-1.104394,-0.727016,0.005118,-0.019628,0.686320,1.013313,2
1585226241602637312,283.464589,87.809064,-1.103346,-0.726692,0.005082,-0.019637,0.686664,1.013313,2
1585226242031638272,283.467474,87.856880,-1.103101,-0.726084,0.005155,-0.019812,0.687301,1.013313,2
1585226242427639296,283.476018,87.967541,-1.103258,-0.725978,0.006253,-0.020098,0.687395,1.013313,2
1585226242889640192,283.490496,88.192420,-1.108395,-0.725685,0.008022,-0.020154,0.687685,1.013313,2
1585226243384641536,283.517170,88.590383,-1.111170,-0.725215,0.010346,-0.020744,0.688133,1.013313,2
1585226243780642304,283.539664,89.068778,-1.127093,-0.724582,0.010731,-0.020485,0.688801,1.013313,2
1585226244110643200,283.550514,89.597472,-1.136168,-0.724793,0.008717,-0.018431,0.688665,1.013313,2
1585226244374643712,283.541331,90.095424,-1.115111,-0.725013,0.002777,-0.012383,0.688618,1.013313,2
1585226244638644480,283.511864,90.657134,-1.143377,-0.725190,-0.007851,-0.001197,0.688503,1.013313,2
1585226244869645056,283.459573,91.197530,-1.149372,-0.725066,-0.021556,0.010481,0.688262,1.013313,2
1585226245067645440,283.396176,91.695582,-1.151848,-0.724342,-0.033978,0.019846,0.688317,1.013313,2
1585226245265645824,283.325291,92.226874,-1.150453,-0.723333,-0.039620,0.031450,0.688644,1.013313,2
1585226245463646464,283.290824,92.766224,-1.127563,-0.720261,-0.040576,0.044679,0.691073,1.013313,2
1585226245727646976,283.149688,93.489519,-1.141423,-0.720111,-0.049848,0.039545,0.690936,1.013313,2
1585226245958647552,283.089190,94.123199,-1.144651,-0.721256,-0.046617,0.038994,0.689997,1.013313,2
1585226246156647936,283.088071,94.662122,-1.115241,-0.725226,-0.032551,0.047145,0.686123,1.013313,2
1585226246354648576,283.037320,95.174623,-1.102833,-0.724434,-0.030120,0.041665,0.687425,1.013313,2
1585226246552648960,282.990745,95.678993,-1.121750,-0.723661,-0.026819,0.033959,0.688797,1.013313,2
1585226246717649408,282.986710,96.095978,-1.117377,-0.724955,-0.018206,0.031883,0.687817,1.013313,2
1585226246882649856,282.982825,96.511520,-1.084158,-0.725143,-0.011128,0.026596,0.687995,1.013313,2
1585226247080650240,282.951851,96.993342,-1.132932,-0.724410,-0.008112,0.015139,0.689155,1.013313,2
1585226247245650688,282.962176,97.407015,-1.134802,-0.725787,-0.001220,0.010160,0.687844,1.013313,2
1585226247410651136,282.991538,97.806702,-1.130125,-0.726235,0.007386,0.006713,0.687374,1.013313,2
1585226247575651328,283.002033,98.200405,-1.139158,-0.725991,0.012507,0.002484,0.687586,1.013313,2
1585226247740651776,283.009553,98.574255,-1.140487,-0.727416,0.014487,-0.002148,0.686041,1.013313,2
1585226247872652032,283.019234,98.860243,-1.142594,-0.728447,0.016381,-0.003132,0.684900,1.013313,2
1585226248004652544,283.046236,99.116139,-1.137631,-0.728258,0.018920,-0.002726,0.685036,1.013313,2
1585226248136652544,283.062619,99.349239,-1.133579,-0.727247,0.020069,-0.001479,0.686081,1.013313,2
1585226248301652992,283.068702,99.642589,-1.124916,-0.726010,0.018640,-0.001549,0.687430,1.013313,2
1585226248598653696,283.060307,100.186845,-1.138575,-0.725243,0.014831,-0.001241,0.688333,1.013313,2
1585226248763654144,283.083318,100.513232,-1.129978,-0.724625,0.016485,0.001605,0.688945,1.013313,2
1585226249027654656,283.095062,101.098162,-1.127249,-0.725204,0.015462,0.002658,0.688356,1.013313,2
1585226249357655552,283.103458,101.847534,-1.148822,-0.726972,0.014804,0.003953,0.686496,1.013313,2
1585226249588655872,283.083962,102.373575,-1.141910,-0.728558,0.009892,-0.000544,0.684913,1.013313,2
1585226249852656640,283.052604,102.986644,-1.184508,-0.730162,0.004252,-0.004581,0.683245,1.013313,2
1585226250116657152,283.139428,103.895812,-1.171380,-0.729686,0.006932,0.000701,0.683747,1.013313,2
1585226250347657728,283.157972,104.134110,-1.192686,-0.729887,0.005952,0.000802,0.683542,1.013313,2
1585226250545658368,283.088932,104.530793,-1.197008,-0.729315,0.006596,-0.001007,0.684145,1.013313,2
1585226250710658560,283.074991,104.923069,-1.205463,-0.729610,0.004925,-0.003367,0.683838,1.013313,2
1585226250875659008,283.066261,105.343130,-1.222154,-0.728131,0.004444,-0.004993,0.685405,1.013313,2
1585226251073659392,283.093085,105.846134,-1.226911,-0.724405,0.008542,-0.000528,0.689321,1.013313,2
1585226251205659904,283.156110,106.066807,-1.239091,-0.722862,0.012863,0.003810,0.690863,1.013313,2
1585226251370660352,283.145175,106.686149,-1.226075,-0.722187,0.012604,0.003596,0.691573,1.013313,2
1585226251502660608,283.233845,107.209721,-1.239852,-0.721258,0.010300,0.002512,0.692585,1.013313,2
1585226251667660800,283.126089,107.575184,-1.227581,-0.720347,0.010876,0.000899,0.693528,1.013313,2
1585226251832661248,283.137299,108.086759,-1.241800,-0.721449,0.014290,0.002545,0.692315,1.013313,2
1585226251997661696,283.174460,108.633383,-1.221071,-0.723786,0.018708,0.007175,0.689734,1.013313,2
1585226252129661952,283.192965,109.068809,-1.201644,-0.724558,0.021549,0.008834,0.688820,1.013313,2
1585226252294662400,283.189214,109.610129,-1.200603,-0.722757,0.020614,0.006076,0.690768,1.013313,2
1585226252459662848,283.182000,110.181179,-1.213632,-0.722615,0.019226,0.003052,0.690976,1.013313,2
1585226252591663104,283.141807,110.571908,-1.243885,-0.722717,0.020061,0.001708,0.690851,1.013313,2
1585226252723663360,283.159379,111.086879,-1.235379,-0.722173,0.021186,0.002550,0.691384,1.013313,2
1585226252822663680,283.162956,111.448046,-1.250418,-0.722096,0.022126,0.002457,0.691435,1.013313,2
1585226252921664000,283.191662,111.864984,-1.223429,-0.723559,0.021709,0.002202,0.689917,1.013313,2
1585226253020664064,283.211528,112.289367,-1.205220,-0.725191,0.021390,0.002139,0.688212,1.013313,2
1585226253119664384,283.222638,112.686585,-1.231172,-0.725728,0.021108,0.001581,0.687656,1.013313,2
1585226253218664704,283.228433,113.073142,-1.233353,-0.725205,0.020905,0.001295,0.688215,1.013313,2
1585226253317664768,283.243915,113.494625,-1.238147,-0.724662,0.020812,0.001114,0.688789,1.013313,2
1585226253416665088,283.220258,113.873786,-1.246644,-0.725195,0.020042,0.000217,0.688251,1.013313,2
1585226253515665408,283.272804,114.361288,-1.242191,-0.725884,0.019775,0.000249,0.687533,1.013313,2
1585226253614665472,283.383859,114.920123,-1.244079,-0.725640,0.019508,0.000486,0.687798,1.013313,2
1585226253713665792,283.230598,115.158048,-1.242592,-0.725108,0.021452,-0.001950,0.688298,1.013313,2
1585226253812666112,283.294157,115.649995,-1.251054,-0.723909,0.022641,-0.003073,0.689517,1.013313,2
1585226253911666176,283.311306,116.095636,-1.260283,-0.723587,0.023941,-0.006067,0.689791,1.013313,2
1585226254010666496,283.324717,116.543220,-1.264693,-0.723997,0.024444,-0.010965,0.689283,1.013313,2
1585226254109666816,283.333381,116.995320,-1.271574,-0.724927,0.025078,-0.016083,0.688181,1.013313,2
1585226254208666880,283.351680,117.444796,-1.275927,-0.726485,0.026123,-0.020196,0.686388,1.013313,2
1585226254307667200,283.390317,117.887322,-1.280148,-0.728095,0.027673,-0.023000,0.684531,1.013313,2
1585226254406667520,283.420905,118.333849,-1.287982,-0.729300,0.028989,-0.025384,0.683108,1.013313,2
1585226254538667776,283.448527,118.919038,-1.304475,-0.731310,0.025697,-0.032033,0.680807,1.013313,2
1585226254670668032,283.467357,119.504953,-1.302413,-0.732109,0.023507,-0.037454,0.679750,1.013313,2
1585226254769668352,283.505083,119.925376,-1.266860,-0.730730,0.023800,-0.039313,0.681118,1.013313,2
1585226254868668672,283.550563,120.347916,-1.305548,-0.728095,0.025254,-0.039258,0.683885,1.013313,2
1585226254967668736,283.582267,120.767202,-1.310599,-0.725387,0.025032,-0.039655,0.686742,1.013313,2
1585226255099669248,283.615774,121.325527,-1.324684,-0.720732,0.022240,-0.042192,0.691571,1.013313,2
1585226255264669440,283.659694,122.040101,-1.321448,-0.719727,0.019926,-0.043794,0.692588,1.013313,2
1585226255429669888,283.735237,122.790610,-1.330973,-0.722423,0.022766,-0.037994,0.690032,1.013313,2
1585226255594670336,283.804926,123.527979,-1.332848,-0.724055,0.024552,-0.031987,0.688563,1.013313,2
1585226255759670784,283.839953,124.282867,-1.330549,-0.726425,0.020367,-0.029501,0.686310,1.013313,2
1585226255924670976,283.846513,125.038251,-1.326571,-0.727496,0.015126,-0.027727,0.685385,1.013313,2
1585226256056671488,283.883712,125.637728,-1.338165,-0.726154,0.012864,-0.024045,0.686991,1.013313,2
1585226256188671744,283.919587,126.236915,-1.345529,-0.724528,0.011581,-0.019948,0.688859,1.013313,2
1585226256320672000,283.941611,126.863137,-1.348148,-0.724319,0.009709,-0.016641,0.689196,1.013313,2
1585226256485672448,283.944339,127.639956,-1.342503,-0.723829,0.004653,-0.015996,0.689778,1.013313,2
1585226256683672832,283.949293,128.583718,-1.336254,-0.722130,0.000069,-0.014809,0.691599,1.013313,2
1585226256881673472,283.965603,129.527592,-1.330435,-0.723158,-0.000358,-0.009847,0.690612,1.013313,2
1585226257013673728,283.971310,130.163042,-1.327987,-0.724430,-0.001020,-0.008253,0.689299,1.013313,2
1585226257145673984,283.938992,130.800581,-1.336221,-0.725120,-0.002380,-0.008987,0.688560,1.013313,2
1585226257277674240,283.809453,131.310591,-1.392776,-0.724402,-0.001770,-0.010017,0.689302,1.013313,2
1585226257376674560,284.055972,131.966095,-1.331513,-0.724054,-0.005302,-0.005931,0.689697,1.013313,2
1585226257508674816,283.968521,132.593454,-1.351549,-0.722548,-0.003108,-0.007345,0.691275,1.013313,2
1585226257607675136,283.991229,133.087872,-1.356541,-0.721992,-0.003517,-0.007474,0.691852,1.013313,2
1585226257706675200,283.972392,133.581255,-1.352883,-0.722802,-0.003575,-0.008476,0.690994,1.013313,2
1585226257805675520,283.975270,134.082676,-1.352856,-0.723951,-0.002938,-0.008582,0.689792,1.013313,2
1585226257904675840,283.986536,134.594619,-1.346105,-0.725074,-0.001765,-0.008284,0.688619,1.013313,2
1585226258036676096,283.996188,135.263099,-1.343966,-0.726479,0.000162,-0.008822,0.687132,1.013313,2
1585226258168676352,284.007175,135.942058,-1.342696,-0.727217,0.001236,-0.010381,0.686328,1.013313,2
1585226258300676608,284.012014,136.619183,-1.359303,-0.726482,0.000925,-0.012596,0.687069,1.013313,2
1585226258432677120,284.023632,137.313565,-1.366259,-0.726366,0.001013,-0.014550,0.687153,1.013313,2
1585226258564677376,284.040027,138.007583,-1.380068,-0.727434,0.002321,-0.014268,0.686026,1.013313,2
1585226258696677632,284.055983,138.709316,-1.397280,-0.727683,0.003686,-0.013441,0.685772,1.013313,2
1585226258828677888,284.065461,139.411018,-1.403718,-0.727183,0.003470,-0.014885,0.686274,1.013313,2
1585226258927678208,284.053760,139.943713,-1.420651,-0.726949,0.002580,-0.016983,0.686476,1.013313,2
1585226259026678528,284.058533,140.479155,-1.427622,-0.726357,0.002439,-0.017620,0.687088,1.013313,2
1585226259125678592,284.072880,141.012786,-1.426302,-0.725775,0.003491,-0.016792,0.687719,1.013313,2
1585226259224678912,284.099606,141.548959,-1.422269,-0.725495,0.004813,-0.015692,0.688032,1.013313,2
1585226259356679168,284.124139,142.274211,-1.422035,-0.725792,0.005249,-0.015927,0.687710,1.013313,2
1585226259488679680,284.133133,143.010163,-1.432365,-0.726697,0.004914,-0.016613,0.686739,1.013313,2
1585226259620679936,284.143911,143.750522,-1.443947,-0.727433,0.005109,-0.016170,0.685969,1.013313,2
1585226259752680192,284.166887,144.492568,-1.452310,-0.726274,0.005827,-0.015846,0.687198,1.013313,2
1585226259884680448,284.184189,145.239179,-1.461093,-0.723978,0.005655,-0.016494,0.689602,1.013313,2
1585226259983680768,284.195520,145.793274,-1.470231,-0.722773,0.005414,-0.016817,0.690860,1.013313,2
1585226260082681088,284.207643,146.355815,-1.466594,-0.722986,0.005058,-0.017335,0.690627,1.013313,2
1585226260214681344,284.214266,147.124765,-1.468883,-0.724020,0.004785,-0.017910,0.689530,1.013313,2
1585226260346681600,284.224889,147.891323,-1.462840,-0.724748,0.003868,-0.018987,0.688741,1.013313,2
1585226260445681920,284.229830,148.464743,-1.470138,-0.724426,0.002983,-0.019361,0.689074,1.013313,2
1585226260544682240,284.210894,149.004459,-1.486741,-0.723617,0.002781,-0.019763,0.689914,1.013313,2
1585226260643682304,284.310305,149.741464,-1.454202,-0.723413,0.001762,-0.018644,0.690161,1.013313,2
1585226260742682624,284.229547,150.035973,-1.478241,-0.723879,0.001756,-0.017271,0.689709,1.013313,2
1585226260841682688,284.280998,150.718865,-1.457756,-0.724217,0.002064,-0.016013,0.689383,1.013313,2
1585226260940683008,284.292320,151.283746,-1.452012,-0.724767,0.002158,-0.014990,0.688828,1.013313,2
1585226261072683264,284.302294,152.028231,-1.442028,-0.725287,0.001327,-0.014627,0.688290,1.013313,2
1585226261171683584,284.309834,152.583681,-1.440780,-0.725670,0.000575,-0.014132,0.687897,1.013313,2
1585226261270683904,284.324306,153.137364,-1.442755,-0.726224,0.001021,-0.012037,0.687352,1.013313,2
1585226261369683968,284.342285,153.692959,-1.447439,-0.726905,0.001926,-0.009238,0.686673,1.013313,2
1585226261468684288,284.359742,154.245520,-1.446607,-0.727788,0.002573,-0.006840,0.685764,1.013313,2
1585226261567684608,284.403060,154.904977,-1.439311,-0.728683,0.002050,-0.005713,0.684824,1.013313,2
1585226261666684672,284.331348,155.342180,-1.467367,-0.729084,0.000172,-0.007152,0.684387,1.013313,2
1585226261765684992,284.314433,155.867663,-1.486028,-0.729151,-0.001649,-0.007356,0.684311,1.013313,2
1585226261864685312,284.280820,156.356374,-1.499364,-0.729124,-0.002392,-0.007017,0.684341,1.013313,2
1585226261963685376,284.302566,156.905015,-1.513125,-0.729327,-0.003218,-0.006596,0.684126,1.013313,2
1585226262062685696,284.309394,157.411150,-1.512514,-0.729597,-0.003825,-0.006801,0.683833,1.013313,2
1585226262161686016,284.301817,157.909515,-1.515790,-0.729486,-0.003993,-0.007578,0.683942,1.013313,2
1585226262260686080,284.304526,158.390110,-1.512269,-0.729092,-0.004053,-0.008752,0.684348,1.013313,2
1585226262359686400,284.315233,158.867278,-1.512812,-0.728238,-0.002718,-0.008450,0.685267,1.013313,2
1585226262458686720,284.350089,159.317963,-1.503651,-0.726899,0.000639,-0.005805,0.686720,1.013313,2
1585226262590686976,284.381849,159.898812,-1.526850,-0.724419,0.004055,-0.004353,0.689334,1.013313,2
1585226262755687424,284.403894,160.612736,-1.557038,-0.723685,0.003125,-0.008170,0.690075,1.013313,2
1585226262887687680,284.402929,161.189758,-1.554319,-0.724880,0.000832,-0.013797,0.688736,1.013313,2
1585226263019687936,284.411276,161.763678,-1.542671,-0.727040,0.003425,-0.016756,0.686382,1.013313,2
1585226263118688256,284.436980,162.192350,-1.552321,-0.728852,0.009183,-0.016813,0.684403,1.013313,2
1585226263283688704,284.498284,162.863925,-1.536168,-0.729282,0.020344,-0.021218,0.683581,1.013313,2
1585226263448688896,284.541185,163.552839,-1.565569,-0.726016,0.028397,-0.033154,0.686291,1.013313,2
1585226263580689408,284.602416,164.074916,-1.567836,-0.724478,0.035726,-0.042996,0.687027,1.013313,2
1585226263712689664,284.717038,164.607958,-1.572480,-0.724394,0.045963,-0.049923,0.686038,1.013313,2
1585226263877690112,284.870773,165.239858,-1.588946,-0.724487,0.059561,-0.057451,0.684303,1.013313,2
1585226264009690368,284.997793,165.752609,-1.595805,-0.723999,0.068486,-0.064548,0.683351,1.013313,2
1585226264141690624,285.117181,166.275993,-1.595150,-0.723976,0.075983,-0.070325,0.682011,1.013313,2
1585226264273690880,285.254604,166.779007,-1.572593,-0.723377,0.084461,-0.073864,0.681275,1.013313,2
1585226264405691392,285.404912,167.311134,-1.574196,-0.721650,0.091348,-0.078066,0.681750,1.013313,2
1585226264537691648,285.552065,167.814027,-1.585668,-0.719943,0.099451,-0.078847,0.682330,1.013313,2
1585226264669691904,285.707722,168.311299,-1.603992,-0.718749,0.103904,-0.080541,0.682728,1.013313,2
1585226264801692160,285.852160,168.829111,-1.604981,-0.718065,0.106239,-0.082759,0.682823,1.013313,2
1585226264933692416,286.004701,169.360232,-1.607345,-0.717140,0.108799,-0.082519,0.683421,1.013313,2
1585226265065692928,286.166302,169.889098,-1.617495,-0.716879,0.111076,-0.080272,0.683596,1.013313,2
1585226265197693184,286.325523,170.414920,-1.621218,-0.717027,0.112586,-0.074787,0.683815,1.013313,2
1585226265329693440,286.469022,170.957142,-1.622151,-0.718012,0.110114,-0.069470,0.683745,1.013313,2
1585226265428693760,286.564001,171.378205,-1.622302,-0.718734,0.106443,-0.065439,0.683966,1.013313,2
1585226265560694016,286.681829,171.920276,-1.621705,-0.719218,0.100260,-0.058311,0.685035,1.013313,2
1585226265659694336,286.766504,172.353880,-1.625289,-0.719043,0.095731,-0.051013,0.686448,1.013313,2
1585226265758694400,286.852639,172.694798,-1.625597,-0.719060,0.091020,-0.042538,0.687648,1.013313,2
1585226265857694720,286.905113,173.225249,-1.627774,-0.719745,0.084674,-0.035269,0.688152,1.013313,2
1585226265956695040,286.956946,173.704260,-1.622697,-0.721316,0.076718,-0.028928,0.687736,1.013313,2
1585226266055695104,286.997722,174.149414,-1.640274,-0.723406,0.067924,-0.024156,0.686649,1.013313,2
1585226266154695424,287.032003,174.476457,-1.644095,-0.725040,0.060305,-0.019002,0.685798,1.013313,2
1585226266286695680,287.075572,175.262378,-1.651041,-0.725332,0.052878,-0.010620,0.686284,1.013313,2
1585226266418696192,287.120924,175.913354,-1.653030,-0.724118,0.047474,-0.001317,0.688039,1.013313,2
1585226266550696448,287.143837,176.597555,-1.659396,-0.722824,0.040699,0.004674,0.689817,1.013313,2
1585226266682696704,287.135367,177.283180,-1.662796,-0.721953,0.031909,0.005588,0.691183,1.013313,2
1585226266781697024,287.132363,177.815032,-1.652488,-0.721594,0.027234,0.006564,0.691749,1.013313,2
1585226266913697280,287.151027,178.543903,-1.659599,-0.722819,0.025157,0.010447,0.690500,1.013313,2
1585226267045697536,287.167370,179.303918,-1.651566,-0.725251,0.025164,0.014993,0.687861,1.013313,2
1585226267177697792,287.172608,180.073435,-1.662415,-0.726862,0.023902,0.017358,0.686148,1.013313,2
1585226267309698304,287.178832,180.856166,-1.673528,-0.727077,0.022146,0.017494,0.685976,1.013313,2
1585226267441698560,287.175670,181.636034,-1.676663,-0.724904,0.021346,0.018138,0.688280,1.013313,2
1585226267573698816,287.188277,182.460618,-1.681408,-0.721964,0.022097,0.021143,0.691255,1.013313,2
1585226267738699264,287.194270,183.484302,-1.673084,-0.719331,0.022810,0.025172,0.693836,1.013313,2
1585226267870699520,287.170497,184.324803,-1.671744,-0.718150,0.018489,0.023077,0.695260,1.013313,2
1585226267969699840,287.154498,184.969791,-1.661662,-0.717847,0.015158,0.021168,0.695714,1.013313,2
1585226268068699904,287.136433,185.621567,-1.657511,-0.718122,0.013728,0.020618,0.695476,1.013313,2
1585226268167700224,287.134259,186.297455,-1.653399,-0.719251,0.013955,0.021312,0.694283,1.013313,2
1585226268266700544,287.138413,186.997159,-1.643299,-0.721013,0.012927,0.020570,0.692495,1.013313,2
1585226268365700608,287.104485,187.646700,-1.638750,-0.721780,0.011825,0.018936,0.691763,1.013313,2
1585226268464700928,287.081679,188.324508,-1.618903,-0.721865,0.010774,0.017227,0.691736,1.013313,2
1585226268563701248,286.960104,188.863979,-1.666515,-0.720546,0.011723,0.015821,0.693127,1.013313,2
1585226268629701376,287.012656,189.402398,-1.647436,-0.719833,0.011252,0.016333,0.693863,1.013313,2
1585226268695701504,287.027035,189.891183,-1.639358,-0.719695,0.011427,0.016686,0.693996,1.013313,2
1585226268761701632,287.038150,190.383940,-1.629978,-0.719714,0.011456,0.016712,0.693975,1.013313,2
1585226268827701760,287.041503,190.871947,-1.623626,-0.719998,0.011211,0.016218,0.693696,1.013313,2
1585226268893701888,287.033997,191.343964,-1.616302,-0.720650,0.010946,0.015567,0.693038,1.013313,2
1585226268959702016,287.032622,191.819809,-1.612590,-0.721228,0.010594,0.015166,0.692450,1.013313,2
1585226269058702336,287.020668,192.515138,-1.608385,-0.721745,0.010054,0.014132,0.691942,1.013313,2
1585226269124702464,287.016638,192.984177,-1.604635,-0.721805,0.009915,0.013686,0.691890,1.013313,2
1585226269223702784,287.014215,193.686918,-1.601899,-0.721918,0.010045,0.013492,0.691774,1.013313,2
1585226269322703104,287.013722,194.385670,-1.600704,-0.722979,0.010851,0.013705,0.690649,1.013313,2
1585226269421703168,287.013017,195.087736,-1.602923,-0.724515,0.011586,0.013465,0.689030,1.013313,2
1585226269520703488,287.009657,195.789534,-1.601150,-0.725833,0.011786,0.012742,0.687652,1.013313,2
1585226269619703552,287.001978,196.453928,-1.605480,-0.726027,0.011674,0.011421,0.687473,1.013313,2
1585226269718703872,286.998184,197.148890,-1.591278,-0.725284,0.012601,0.011501,0.688238,1.013313,2
1585226269817704192,287.032670,197.853984,-1.605173,-0.724052,0.013959,0.012146,0.689497,1.013313,2
1585226269916704512,287.056654,198.551387,-1.611145,-0.723315,0.014378,0.011871,0.690267,1.013313,2
1585226270015704576,287.044277,199.202831,-1.597322,-0.722979,0.014564,0.009993,0.690644,1.013313,2
1585226270114704896,287.041664,199.879647,-1.590033,-0.723291,0.014619,0.008358,0.690338,1.013313,2
1585226270213705216,287.048097,200.557608,-1.594345,-0.723312,0.015041,0.007746,0.690314,1.013313,2
1585226270279705344,287.056387,200.998672,-1.592035,-0.723476,0.015831,0.007714,0.690125,1.013313,2
1585226270378705408,287.071870,201.670375,-1.587177,-0.723382,0.017498,0.008227,0.690177,1.013313,2
1585226270477705728,287.083100,202.330164,-1.582649,-0.723408,0.018165,0.007474,0.690142,1.013313,2
1585226270576706048,287.098686,202.986776,-1.584382,-0.721826,0.018910,0.007331,0.691777,1.013313,2
1585226270675706112,287.113917,203.632455,-1.583053,-0.721655,0.020851,0.008794,0.691883,1.013313,2
1585226270774706432,287.137733,204.292339,-1.588345,-0.722710,0.022040,0.010603,0.690719,1.013313,2
1585226270873706752,287.151211,204.943177,-1.576859,-0.724154,0.021370,0.010340,0.689229,1.013313,2
1585226270972706816,287.149617,205.573625,-1.570921,-0.725575,0.019301,0.008792,0.687816,1.013313,2
1585226271071707136,287.151568,206.197727,-1.578670,-0.726216,0.018290,0.008114,0.687175,1.013313,2
1585226271170707456,287.166269,206.801743,-1.572324,-0.726042,0.019395,0.009397,0.687313,1.013313,2
1585226271302707712,287.198544,207.586696,-1.564773,-0.725900,0.021670,0.011417,0.687364,1.013313,2
1585226271434707968,287.211781,208.351405,-1.570716,-0.725083,0.020594,0.010387,0.688275,1.013313,2
1585226271566708224,287.206865,209.090031,-1.573697,-0.724203,0.019176,0.009651,0.689252,1.013313,2
1585226271698708736,287.220488,209.802307,-1.560428,-0.724602,0.019936,0.011533,0.688783,1.013313,2
1585226271830708992,287.240149,210.486909,-1.555717,-0.722515,0.021377,0.013875,0.690885,1.013313,2
1585226271962709248,287.241702,211.159852,-1.552825,-0.721759,0.020508,0.013947,0.691700,1.013313,2
1585226272061709568,287.237967,211.664913,-1.559810,-0.723606,0.019562,0.013848,0.689797,1.013313,2
1585226272160709632,287.240553,212.165956,-1.551941,-0.725942,0.018331,0.013239,0.687384,1.013313,2
1585226272259709952,287.242528,212.649910,-1.553896,-0.727948,0.019044,0.014256,0.685219,1.013313,2
1585226272391710208,287.255282,213.280463,-1.553656,-0.729665,0.019011,0.014592,0.683385,1.013313,2
1585226272523710720,287.258244,213.871099,-1.556202,-0.728642,0.018367,0.014161,0.684502,1.013313,2
1585226272655710976,287.251783,214.434075,-1.554129,-0.727108,0.017206,0.013556,0.686174,1.013313,2
1585226272820711424,287.249568,215.110872,-1.551539,-0.725607,0.016586,0.012614,0.687794,1.013313,2
1585226272985711616,287.249940,215.746959,-1.559512,-0.724225,0.016471,0.013154,0.689242,1.013313,2
1585226273150712064,287.252137,216.345708,-1.556826,-0.724748,0.015964,0.012410,0.688718,1.013313,2
1585226273315712512,287.244339,216.903859,-1.546547,-0.724541,0.013494,0.010338,0.689022,1.013313,2
1585226273480712960,287.238245,217.402523,-1.550347,-0.722731,0.012542,0.010403,0.690937,1.013313,2
1585226273645713152,287.247965,217.866401,-1.550070,-0.722532,0.012761,0.012373,0.691109,1.013313,2
1585226273876713728,287.244787,218.450244,-1.537816,-0.723417,0.010931,0.014863,0.690165,1.013313,2
1585226274074714368,287.225006,218.871409,-1.535823,-0.723202,0.007917,0.016771,0.690387,1.013313,2
1585226274239714560,287.212916,219.167308,-1.529855,-0.722809,0.004665,0.018060,0.690797,1.013313,2
1585226274503715328,287.174152,219.575755,-1.522602,-0.722044,-0.002887,0.019899,0.691555,1.013313,2
1585226274701715712,287.146888,219.854046,-1.526644,-0.720822,-0.007731,0.022776,0.692703,1.013313,2
1585226274866716160,287.123097,220.068304,-1.523039,-0.720625,-0.011725,0.025905,0.692742,1.013313,2
1585226275064716544,287.092846,220.319890,-1.516332,-0.720296,-0.016894,0.029525,0.692832,1.013313,2
1585226275262717184,287.059314,220.568169,-1.507357,-0.719117,-0.022453,0.034258,0.693680,1.013313,2
1585226275493717760,287.020641,220.840682,-1.503534,-0.717976,-0.028364,0.041447,0.694254,1.013313,2
1585226275757718272,286.959536,221.165346,-1.496350,-0.716344,-0.037220,0.049897,0.694965,1.013313,2
1585226275988718848,286.894912,221.471458,-1.486948,-0.715176,-0.046597,0.058480,0.694933,1.013313,2
1585226276186719232,286.823521,221.751179,-1.479923,-0.714115,-0.056389,0.067299,0.694500,1.013313,2
1585226276450720000,286.703741,222.155848,-1.475557,-0.712458,-0.070182,0.082084,0.693355,1.013313,2
1585226276648720384,286.593308,222.492690,-1.472115,-0.710790,-0.082493,0.095385,0.692007,1.013313,2
1585226276879720960,286.416011,222.901079,-1.461358,-0.706196,-0.102622,0.112008,0.691528,1.013313,2
1585226277077721344,286.209755,223.298480,-1.461550,-0.702732,-0.123770,0.129668,0.688502,1.013313,2
1585226277242721792,286.022386,223.657465,-1.443140,-0.700068,-0.141782,0.149542,0.683696,1.013313,2
1585226277407722240,285.787204,224.019036,-1.426945,-0.696995,-0.163886,0.170522,0.676950,1.013313,2
1585226277539722496,285.563591,224.305448,-1.418484,-0.692745,-0.183872,0.188002,0.671529,1.013313,2
1585226277671722752,285.318829,224.597902,-1.414661,-0.687289,-0.203007,0.207789,0.665767,1.013313,2
1585226277803723264,285.050862,224.902496,-1.418005,-0.681390,-0.221394,0.229646,0.658753,1.013313,2
1585226277935723520,284.744060,225.205444,-1.404956,-0.676858,-0.241705,0.250058,0.648778,1.013313,2
1585226278067723776,284.388840,225.496397,-1.403620,-0.670670,-0.263640,0.268975,0.639021,1.013313,2
1585226278199724032,284.018715,225.768513,-1.388832,-0.662129,-0.285156,0.287443,0.630593,1.013313,2
1585226278331724544,283.611011,226.044415,-1.381784,-0.652910,-0.304958,0.307764,0.621281,1.013313,2
1585226278463724800,283.278543,226.271544,-1.377713,-0.644756,-0.322648,0.328206,0.610302,1.013313,2
1585226278595725056,282.714724,226.579926,-1.395196,-0.635834,-0.339536,0.347330,0.599827,1.013313,2
1585226278727725312,282.227318,226.813371,-1.401029,-0.626727,-0.355969,0.364099,0.589857,1.013313,2
1585226278859725824,281.763772,227.047291,-1.400230,-0.618326,-0.370111,0.379621,0.580154,1.013313,2
1585226278991726080,281.087058,227.290259,-1.404093,-0.610954,-0.382981,0.393229,0.570466,1.013313,2
1585226279123726336,280.471439,227.516302,-1.409456,-0.604874,-0.394407,0.404950,0.560879,1.013313,2
1585226279255726592,279.834446,227.734278,-1.422073,-0.599574,-0.403458,0.415368,0.552451,1.013313,2
1585226279387726848,279.171879,227.936941,-1.421197,-0.595273,-0.410091,0.425782,0.544229,1.013313,2
1585226279519727360,278.475596,228.140312,-1.423166,-0.590910,-0.416564,0.435440,0.536369,1.013313,2
1585226279651727616,277.756440,228.316560,-1.426045,-0.584998,-0.423941,0.444690,0.529436,1.013313,2
1585226279783727872,277.009878,228.473363,-1.420170,-0.578408,-0.432015,0.453520,0.522615,1.013313,2
1585226279915728128,276.241503,228.612826,-1.427930,-0.572286,-0.440410,0.461524,0.515289,1.013313,2
1585226280047728640,275.427345,228.736053,-1.430973,-0.566847,-0.448307,0.468742,0.507923,1.013313,2
1585226280179728896,274.591264,228.844234,-1.444491,-0.561125,-0.455350,0.475293,0.501888,1.013313,2
1585226280311729152,273.736788,228.927592,-1.436569,0.555194,0.461637,-0.480865,-0.497413,1.013313,2
1585226280443729408,272.859750,229.000248,-1.430107,0.549515,0.467410,-0.485312,-0.493998,1.013313,2
1585226280575729664,271.955995,229.058337,-1.433527,0.545393,0.472064,-0.488859,-0.490631,1.013313,2
1585226280707730176,271.043355,229.112202,-1.433149,0.542245,0.475522,-0.491791,-0.487842,1.013313,2
1585226280806730240,270.335606,229.159439,-1.429378,0.540536,0.477148,-0.493492,-0.486432,1.013313,2
1585226280905730560,269.613282,229.200684,-1.431967,0.539529,0.478206,-0.494532,-0.485453,1.013313,2
1585226281004730880,268.879318,229.237288,-1.430471,0.539117,0.479025,-0.495117,-0.484508,1.013313,2
1585226281070731008,268.378180,229.260044,-1.416529,0.538874,0.479463,-0.495374,-0.484081,1.013313,2
1585226281169731328,267.627749,229.297849,-1.418191,0.538667,0.479669,-0.496024,-0.483441,1.013313,2
1585226281268731392,266.866207,229.332937,-1.412776,0.538370,0.479607,-0.496652,-0.483189,1.013313,2
1585226281367731712,266.089378,229.369897,-1.413498,0.537657,0.479568,-0.497311,-0.483343,1.013313,2
1585226281466732032,265.306213,229.404164,-1.410282,0.537248,0.479545,-0.497977,-0.483137,1.013313,2
1585226281565732096,264.509145,229.438436,-1.406434,0.536627,0.479800,-0.498430,-0.483105,1.013313,2
1585226281664732416,263.699056,229.474228,-1.407605,0.536528,0.480457,-0.498418,-0.482575,1.013313,2
1585226281763732736,262.875459,229.506930,-1.403780,0.536627,0.481523,-0.497987,-0.481846,1.013313,2
1585226281862732800,262.036801,229.535629,-1.395211,0.536762,0.482529,-0.497623,-0.481065,1.013313,2
1585226281961733120,261.190134,229.568343,-1.395836,0.536504,0.483379,-0.497703,-0.480417,1.013313,2
1585226282060733440,260.341576,229.600160,-1.402438,0.536034,0.483660,-0.497976,-0.480375,1.013313,2
1585226282159733504,259.476836,229.626901,-1.406936,0.534732,0.484623,-0.497536,-0.481311,1.013313,2
1585226282258733824,258.601320,229.655001,-1.415047,0.534348,0.484682,-0.497430,-0.481787,1.013313,2
1585226282324733952,258.017442,229.673355,-1.406438,0.534635,0.484786,-0.497149,-0.481653,1.013313,2
1585226282423734272,257.136314,229.707461,-1.400315,0.533912,0.484511,-0.497498,-0.482371,1.013313,2
1585226282522734336,256.240286,229.740272,-1.400757,0.533506,0.484732,-0.496966,-0.483146,1.013313,2
1585226282621734656,255.322426,229.772377,-1.390369,0.532987,0.484785,-0.497157,-0.483470,1.013313,2
1585226282720734976,254.405338,229.808352,-1.394228,0.533170,0.485426,-0.496781,-0.483012,1.013313,2
1585226282819735040,253.470016,229.837819,-1.392407,0.533352,0.485540,-0.496712,-0.482767,1.013313,2
1585226282918735360,252.537720,229.870316,-1.369439,0.533088,0.486138,-0.496126,-0.483060,1.013313,2
1585226283017735680,251.596350,229.903506,-1.351497,0.533115,0.486439,-0.495733,-0.483129,1.013313,2
1585226283083735808,250.985338,229.921001,-1.333312,0.533131,0.486823,-0.495436,-0.483030,1.013313,2
1585226283149735936,250.354040,229.963444,-1.311797,0.533253,0.487058,-0.495311,-0.482787,1.013313,2
1585226283215736064,249.714383,229.977306,-1.316349,0.533471,0.487088,-0.495420,-0.482404,1.013313,2
1585226283281736192,249.062174,229.988490,-1.324095,0.533621,0.487053,-0.495555,-0.482133,1.013313,2
1585226283380736512,248.124395,230.032701,-1.332453,0.533641,0.486753,-0.496195,-0.481756,1.013313,2
1585226283446736640,247.444475,230.058537,-1.320061,0.533745,0.486420,-0.496671,-0.481486,1.013313,2
1585226283512736768,246.781596,230.079354,-1.348013,0.533580,0.486725,-0.496840,-0.481187,1.013313,2
1585226283578736896,246.147587,230.098343,-1.328588,0.533373,0.486851,-0.497054,-0.481068,1.013313,2
1585226283677737216,245.146831,230.134379,-1.329053,0.533477,0.486857,-0.497499,-0.480486,1.013313,2
1585226283776737280,244.149809,230.177289,-1.334661,0.533523,0.486865,-0.498070,-0.479835,1.013313,2
1585226283842737664,243.481101,230.190791,-1.340325,0.533223,0.486796,-0.498452,-0.479842,1.013313,2
1585226283908737792,242.808717,230.210548,-1.351488,0.532929,0.486852,-0.498691,-0.479863,1.013313,2
1585226283974737920,242.144401,230.221177,-1.343163,0.532915,0.486613,-0.499143,-0.479651,1.013313,2
1585226284073737984,241.151878,230.256686,-1.339701,0.533379,0.486282,-0.499932,-0.478649,1.013313,2
1585226284139738368,240.465296,230.270101,-1.334561,0.533711,0.486365,-0.499976,-0.478148,1.013313,2
1585226284205738496,239.804760,230.290814,-1.334507,0.534137,0.486384,-0.500133,-0.477488,1.013313,2
1585226284271738624,239.091109,230.304508,-1.332002,0.534474,0.486229,-0.500405,-0.476984,1.013313,2
1585226284370738688,238.090486,230.337220,-1.335498,0.534885,0.486159,-0.500794,-0.476185,1.013313,2
1585226284469739008,236.970394,230.371944,-1.361010,0.534967,0.485782,-0.501349,-0.475894,1.013313,2
1585226284568739328,235.981273,230.396499,-1.356030,0.534465,0.485642,-0.501608,-0.476329,1.013313,2
1585226284634739456,235.297288,230.415469,-1.339994,0.534105,0.485540,-0.501755,-0.476681,1.013313,2
1585226284700739584,234.610377,230.432971,-1.337373,0.534037,0.485240,-0.502071,-0.476730,1.013313,2
1585226284766739712,233.912654,230.451266,-1.335548,0.534098,0.485212,-0.502084,-0.476676,1.013313,2
1585226284832739840,233.198710,230.470276,-1.334139,0.534297,0.485370,-0.501886,-0.476501,1.013313,2
1585226284898739968,232.474491,230.487640,-1.335977,0.534529,0.485406,-0.501781,-0.476314,1.013313,2
1585226284964740096,231.809764,230.502716,-1.328355,0.534793,0.485563,-0.501652,-0.475993,1.013313,2
1585226285030740480,231.092442,230.521816,-1.328275,0.534907,0.485498,-0.501733,-0.475846,1.013313,2
1585226285129740544,230.024752,230.546046,-1.327451,0.534824,0.485351,-0.501808,-0.476011,1.013313,2
1585226285195740672,229.307664,230.566431,-1.326207,0.534693,0.485223,-0.501884,-0.476208,1.013313,2
1585226285261741056,228.595719,230.583319,-1.323821,0.534459,0.485258,-0.501752,-0.476575,1.013313,2
1585226285327741184,227.886764,230.596599,-1.320895,0.534084,0.485455,-0.501469,-0.477092,1.013313,2
1585226285393741312,227.201408,230.614727,-1.327831,0.533880,0.485799,-0.501052,-0.477408,1.013313,2
1585226285459741440,226.456877,230.632593,-1.317536,0.533781,0.486448,-0.500309,-0.477636,1.013313,2
1585226285525741568,225.747962,230.646145,-1.318140,0.533784,0.487293,-0.499447,-0.477674,1.013313,2
1585226285591741696,225.020019,230.675190,-1.321603,0.533648,0.488247,-0.498532,-0.477808,1.013313,2
1585226285657741824,224.317251,230.688584,-1.319744,0.533567,0.488668,-0.498057,-0.477964,1.013313,2
1585226285756742144,223.230464,230.716232,-1.315503,0.532715,0.488279,-0.498185,-0.479176,1.013313,2
1585226285855742464,222.182430,230.743342,-1.325587,0.530809,0.487117,-0.499125,-0.481491,1.013313,2
1585226285954742528,221.094878,230.769140,-1.320299,0.529216,0.485519,-0.500310,-0.483623,1.013313,2
1585226286053742848,220.023243,230.798087,-1.296868,0.528351,0.485358,-0.500208,-0.484835,1.013313,2
1585226286152742912,218.934541,230.828763,-1.275734,0.528924,0.486684,-0.498426,-0.484716,1.013313,2
1585226286251743232,217.827041,230.860597,-1.259706,0.530766,0.488795,-0.495638,-0.483436,1.013313,2
1585226286317743360,217.093709,230.879231,-1.256848,0.531638,0.489737,-0.494017,-0.483183,1.013313,2
1585226286383743488,216.358823,230.907035,-1.269628,0.531883,0.489898,-0.493454,-0.483326,1.013313,2
1585226286482743808,215.274136,230.943942,-1.248979,0.531283,0.489074,-0.493653,-0.484615,1.013313,2
1585226286581744128,214.199736,230.974055,-1.221439,0.529997,0.487450,-0.494955,-0.486328,1.013313,2
1585226286647744256,213.485254,230.994388,-1.207495,0.529863,0.486902,-0.495404,-0.486567,1.013313,2
1585226286713744384,212.726465,231.022861,-1.208686,0.529856,0.486954,-0.495239,-0.486690,1.013313,2
1585226286779744512,211.992985,231.044796,-1.198518,0.530077,0.487562,-0.494562,-0.486528,1.013313,2
1585226286845744640,211.274774,231.054579,-1.177337,0.530659,0.488510,-0.493451,-0.486072,1.013313,2
1585226286911744768,210.534234,231.080491,-1.174906,0.531288,0.489157,-0.492668,-0.485528,1.013313,2
1585226286977744896,209.786869,231.113106,-1.176910,0.531976,0.489803,-0.491892,-0.484909,1.013313,2
1585226287043745024,209.049670,231.142710,-1.175409,0.532718,0.490165,-0.491313,-0.484316,1.013313,2
1585226287109745408,208.305535,231.169613,-1.177057,0.532983,0.490015,-0.491245,-0.484244,1.013313,2
1585226287175745536,207.569284,231.204114,-1.183410,0.532943,0.489256,-0.492054,-0.484236,1.013313,2
1585226287241745664,206.812667,231.237447,-1.194446,0.532613,0.487840,-0.493420,-0.484636,1.013313,2
1585226287340745728,205.708780,231.290834,-1.192777,0.531723,0.485656,-0.495701,-0.485479,1.013313,2
1585226287439746048,204.593803,231.336248,-1.184253,0.531337,0.484662,-0.496702,-0.485871,1.013313,2
1585226287505746176,203.871715,231.353691,-1.189135,0.531866,0.484936,-0.496721,-0.485000,1.013313,2
1585226287571746304,203.083607,231.391089,-1.163914,0.532981,0.485583,-0.496039,-0.483824,1.013313,2
1585226287637746688,202.344665,231.425968,-1.181247,0.534065,0.486100,-0.495475,-0.482686,1.013313,2
1585226287703746816,201.597156,231.448622,-1.164286,0.534891,0.486864,-0.494626,-0.481872,1.013313,2
1585226287769746944,200.836268,231.480055,-1.169186,0.535358,0.486945,-0.494559,-0.481340,1.013313,2
1585226287835747072,200.093834,231.513994,-1.170373,0.535230,0.486746,-0.494928,-0.481305,1.013313,2
1585226287901747200,199.355008,231.527760,-1.175439,0.534849,0.486397,-0.495400,-0.481595,1.013313,2
1585226287967747328,198.622623,231.556380,-1.211860,0.534683,0.485996,-0.495796,-0.481776,1.013313,2
1585226288066747648,197.472617,231.596486,-1.197269,0.534417,0.485875,-0.495991,-0.481993,1.013313,2
1585226288165747968,196.342446,231.643649,-1.191789,0.534699,0.486038,-0.495634,-0.481884,1.013313,2
1585226288264748032,195.211806,231.674254,-1.193710,0.535213,0.486140,-0.495366,-0.481485,1.013313,2
1585226288363748352,194.087692,231.721602,-1.186500,0.535171,0.485746,-0.495613,-0.481675,1.013313,2
1585226288429748480,193.333799,231.753008,-1.183337,0.534845,0.485464,-0.495856,-0.482071,1.013313,2
1585226288495748608,192.575026,231.785459,-1.183021,0.534304,0.485171,-0.496078,-0.482738,1.013313,2
1585226288561748736,191.819782,231.814474,-1.185786,0.533708,0.485029,-0.496105,-0.483511,1.013313,2
1585226288627748864,191.063641,231.846593,-1.182144,0.533452,0.485500,-0.495524,-0.483917,1.013313,2
1585226288693748992,190.281921,231.873994,-1.207260,0.533452,0.486183,-0.494711,-0.484061,1.013313,2
1585226288759749120,189.533178,231.901931,-1.187780,0.533268,0.486801,-0.493925,-0.484446,1.013313,2
1585226288825749504,188.772615,231.927347,-1.194819,0.533419,0.487326,-0.493232,-0.484458,1.013313,2
1585226288891749632,188.020547,231.952419,-1.216766,0.533376,0.487424,-0.493111,-0.484530,1.013313,2
1585226288957749760,187.253836,231.985401,-1.184566,0.533379,0.487154,-0.493424,-0.484479,1.013313,2
1585226289023749888,186.494592,232.019193,-1.169767,0.533177,0.486943,-0.493726,-0.484606,1.013313,2
1585226289089750016,185.740298,232.044664,-1.158030,0.532868,0.486465,-0.494398,-0.484740,1.013313,2
1585226289155750144,184.980152,232.075728,-1.161966,0.532967,0.486307,-0.494676,-0.484506,1.013313,2
1585226289221750272,184.215701,232.100386,-1.162711,0.533157,0.486385,-0.494725,-0.484170,1.013313,2
1585226289287750400,183.450518,232.127306,-1.181508,0.533384,0.486397,-0.494742,-0.483890,1.013313,2
1585226289353750784,182.684086,232.154090,-1.144691,0.533593,0.486504,-0.494717,-0.483578,1.013313,2
1585226289419750912,181.930870,232.184643,-1.120019,0.533694,0.486232,-0.494905,-0.483547,1.013313,2
1585226289485751040,181.167367,232.216684,-1.125276,0.533730,0.485619,-0.495614,-0.483398,1.013313,2
1585226289584751104,179.995830,232.255781,-1.124609,0.533870,0.484805,-0.496577,-0.483072,1.013313,2
1585226289683751424,178.831387,232.298246,-1.110459,0.534250,0.483621,-0.497896,-0.482480,1.013313,2
1585226289782751744,177.664892,232.350724,-1.105459,0.534884,0.483312,-0.498508,-0.481455,1.013313,2
1585226289881751808,176.496067,232.397412,-1.104330,0.535436,0.483359,-0.498740,-0.480552,1.013313,2
1585226289980752128,175.328675,232.436726,-1.091198,0.535690,0.483606,-0.498747,-0.480013,1.013313,2
1585226290046752256,174.544636,232.467113,-1.095067,0.535492,0.483782,-0.498753,-0.480051,1.013313,2
1585226290112752384,173.765047,232.494842,-1.095987,0.535368,0.483863,-0.498797,-0.480062,1.013313,2
1585226290178752512,172.981166,232.519356,-1.090422,0.535203,0.484170,-0.498742,-0.479994,1.013313,2
1585226290277752832,171.801396,232.551540,-1.085386,0.534795,0.484705,-0.498553,-0.480104,1.013313,2
1585226290376753152,170.650534,232.592865,-1.059050,0.534752,0.485489,-0.498125,-0.479804,1.013313,2
1585226290442753280,169.851478,232.616609,-1.062434,0.534475,0.485771,-0.498051,-0.479904,1.013313,2
1585226290541753600,168.623331,232.654959,-1.095145,0.534090,0.485998,-0.497879,-0.480282,1.013313,2
1585226290607753728,167.835323,232.684261,-1.094025,0.533567,0.485939,-0.498076,-0.480719,1.013313,2
1585226290673753856,167.044007,232.705384,-1.092978,0.533041,0.485650,-0.498494,-0.481160,1.013313,2
1585226290772754176,165.823648,232.733014,-1.100595,0.532752,0.485268,-0.499235,-0.481097,1.013313,2
1585226290871754240,164.631376,232.776080,-1.087692,0.532951,0.485052,-0.499202,-0.481128,1.013313,2
1585226290970754560,163.412696,232.815475,-1.087135,0.533421,0.484961,-0.499463,-0.480429,1.013313,2
1585226291069754624,162.194023,232.876779,-1.087321,0.534070,0.484383,-0.499873,-0.479864,1.013313,2
1585226291135755008,161.375244,232.904610,-1.082978,0.534127,0.483562,-0.500586,-0.479885,1.013313,2
1585226291201755136,160.528112,232.928135,-1.099091,0.534534,0.482382,-0.501514,-0.479650,1.013313,2
1585226291267755264,159.731425,232.965300,-1.069509,0.534613,0.481590,-0.502260,-0.479578,1.013313,2
1585226291333755392,158.900969,232.996911,-1.065015,0.534901,0.480865,-0.502858,-0.479358,1.013313,2
1585226291399755520,158.063000,233.028479,-1.060915,0.535758,0.480379,-0.503249,-0.478476,1.013313,2
1585226291465755648,157.231779,233.061265,-1.054102,0.536535,0.479660,-0.503827,-0.477719,1.013313,2
1585226291531755776,156.398345,233.092052,-1.045783,0.537175,0.479213,-0.504086,-0.477174,1.013313,2
1585226291597755904,155.611288,233.117551,-1.052478,0.537930,0.478527,-0.504743,-0.476316,1.013313,2
1585226291663756288,154.727407,233.159615,-1.034431,0.538878,0.477919,-0.505026,-0.475554,1.013313,2
1585226291729756416,153.889994,233.190624,-1.028914,0.539508,0.478172,-0.504646,-0.474990,1.013313,2
1585226291795756544,153.053263,233.217783,-1.024549,0.539611,0.479303,-0.503506,-0.474943,1.013313,2
1585226291861756672,152.206115,233.244541,-1.020592,0.539812,0.480059,-0.502675,-0.474830,1.013313,2
1585226291927756800,151.360947,233.271435,-1.018328,0.539216,0.480246,-0.502474,-0.475531,1.013313,2
1585226291993756928,150.519522,233.295690,-1.014959,0.537775,0.480571,-0.502006,-0.477326,1.013313,2
1585226292059757056,149.681190,233.320024,-1.010732,0.536258,0.480247,-0.502086,-0.479270,1.013313,2
1585226292125757184,148.839443,233.344467,-1.002701,0.535013,0.479931,-0.502184,-0.480873,1.013313,2
1585226292224757504,147.532504,233.385026,-1.004808,0.535009,0.479837,-0.502200,-0.480953,1.013313,2
1585226292323757824,146.264193,233.436655,-0.971834,0.535950,0.480348,-0.501677,-0.479940,1.013313,2
1585226292389757952,145.404393,233.471220,-0.961917,0.536882,0.480417,-0.501632,-0.478876,1.013313,2
1585226292455758080,144.543025,233.504422,-0.954138,0.537340,0.480196,-0.501824,-0.478382,1.013313,2
1585226292521758208,143.676001,233.537199,-0.948424,0.537292,0.479631,-0.502321,-0.478483,1.013313,2
1585226292587758336,142.809153,233.567881,-0.942288,0.537184,0.479225,-0.502611,-0.478705,1.013313,2
1585226292653758464,141.943997,233.600622,-0.936631,0.536974,0.478835,-0.502859,-0.479071,1.013313,2
1585226292719758592,141.076399,233.633971,-0.929268,0.536648,0.478624,-0.502960,-0.479541,1.013313,2
1585226292785758976,140.206018,233.666920,-0.921827,0.536420,0.479096,-0.502486,-0.479821,1.013313,2
1585226292851759104,139.330865,233.699711,-0.912635,0.536168,0.479570,-0.502042,-0.480093,1.013313,2
1585226292917759232,138.462255,233.733499,-0.904826,0.536003,0.479902,-0.501783,-0.480218,1.013313,2
1585226292983759360,137.589879,233.762498,-0.909504,0.536321,0.480285,-0.501350,-0.479932,1.013313,2
1585226293049759488,136.719188,233.799999,-0.889561,0.536255,0.480847,-0.500806,-0.480009,1.013313,2
1585226293115759616,135.847053,233.831929,-0.882906,0.536331,0.481289,-0.500327,-0.479982,1.013313,2
1585226293181759744,134.976928,233.866732,-0.877253,0.536742,0.481510,-0.500059,-0.479581,1.013313,2
1585226293247759872,134.103051,233.901166,-0.872282,0.536821,0.481406,-0.500152,-0.479499,1.013313,2
1585226293346760192,132.788838,233.951167,-0.863858,0.536606,0.480775,-0.500904,-0.479588,1.013313,2
1585226293445760512,131.477875,234.000650,-0.852883,0.535810,0.480131,-0.502335,-0.479627,1.013313,2
1585226293544760576,130.155768,234.045105,-0.839667,0.535184,0.480899,-0.502982,-0.478878,1.013313,2
1585226293610760704,129.281338,234.069921,-0.829032,0.534537,0.482122,-0.502852,-0.478507,1.013313,2
1585226293709761024,127.918608,234.105079,-0.831944,0.533623,0.484525,-0.501926,-0.478072,1.013313,2
1585226293808761344,126.622154,234.127247,-0.804530,0.532491,0.486774,-0.500875,-0.478151,1.013313,2
1585226293907761408,125.280492,234.152811,-0.800831,0.532242,0.489116,-0.499540,-0.477434,1.013313,2
1585226294006761728,123.945678,234.181593,-0.801489,0.532835,0.490026,-0.499384,-0.476002,1.013313,2
1585226294072761856,123.057543,234.203404,-0.804442,0.533594,0.490290,-0.499653,-0.474596,1.013313,2
1585226294138761984,122.168008,234.223413,-0.808748,0.533718,0.490095,-0.500342,-0.473930,1.013313,2
1585226294204762112,121.274640,234.242550,-0.812477,0.533451,0.489701,-0.501188,-0.473743,1.013313,2
1585226294270762240,120.391755,234.259238,-0.812854,0.532251,0.488974,-0.502219,-0.474753,1.013313,2
1585226294336762624,119.508891,234.274746,-0.812324,0.530743,0.488191,-0.503105,-0.476305,1.013313,2
1585226294435762688,118.172024,234.298485,-0.805697,0.530326,0.487513,-0.503447,-0.477102,1.013313,2
1585226294534763008,116.844802,234.320701,-0.793019,0.530881,0.488634,-0.502010,-0.476853,1.013313,2
1585226294633763328,115.445561,234.340770,-0.813445,0.531777,0.489302,-0.501325,-0.475889,1.013313,2
1585226294732763392,114.162062,234.368734,-0.780463,0.532821,0.489659,-0.500869,-0.474833,1.013313,2
1585226294831763712,112.794331,234.396823,-0.781862,0.533534,0.489945,-0.500367,-0.474267,1.013313,2
1585226294897763840,111.873460,234.420105,-0.794572,0.533051,0.489702,-0.500571,-0.474844,1.013313,2
1585226294996764160,110.552560,234.440571,-0.783404,0.531539,0.488631,-0.501412,-0.476753,1.013313,2
1585226295062764288,109.655617,234.457855,-0.780692,0.531037,0.488032,-0.501907,-0.477404,1.013313,2
1585226295128764416,108.749247,234.475898,-0.773448,0.531603,0.488588,-0.501139,-0.477012,1.013313,2
1585226295227764736,107.392977,234.500726,-0.765769,0.533115,0.489859,-0.499687,-0.475541,1.013313,2
1585226295293764864,106.456754,234.514474,-0.806056,0.533680,0.489775,-0.499776,-0.474900,1.013313,2
1585226295359764992,105.588851,234.552885,-0.767398,0.533437,0.489573,-0.499888,-0.475263,1.013313,2
1585226295425765120,104.704219,234.572510,-0.767897,0.533310,0.489172,-0.500282,-0.475405,1.013313,2
1585226295491765248,103.823392,234.590888,-0.766460,0.533160,0.488678,-0.500676,-0.475665,1.013313,2
1585226295557765376,102.931976,234.606093,-0.766569,0.533114,0.488631,-0.500554,-0.475894,1.013313,2
1585226295623765504,102.046071,234.626233,-0.762658,0.532826,0.489209,-0.499854,-0.476357,1.013313,2
1585226295689765632,101.140589,234.635415,-0.766948,0.532579,0.489884,-0.499149,-0.476679,1.013313,2
1585226295755766016,100.277204,234.662042,-0.757048,0.532462,0.490428,-0.498515,-0.476914,1.013313,2
1585226295821766144,99.397316,234.679007,-0.753537,0.532347,0.490962,-0.497954,-0.477079,1.013313,2
1585226295887766272,98.534055,234.696946,-0.745517,0.532002,0.491303,-0.497518,-0.477568,1.013313,2
1585226295953766400,97.647893,234.715517,-0.741515,0.531531,0.491339,-0.497424,-0.478153,1.013313,2
1585226296019766528,96.745074,234.726090,-0.788224,0.531891,0.490771,-0.497890,-0.477851,1.013313,2
1585226296085766656,95.916315,234.757417,-0.730008,0.531582,0.490799,-0.497871,-0.478184,1.013313,2
1585226296151766784,95.028438,234.774959,-0.732853,0.531721,0.490543,-0.498071,-0.478085,1.013313,2
1585226296217766912,94.160977,234.803471,-0.729278,0.532099,0.489892,-0.498663,-0.477715,1.013313,2
1585226296283767040,93.310350,234.824166,-0.719325,0.532608,0.489193,-0.499317,-0.477181,1.013313,2
1585226296349767168,92.448031,234.841202,-0.732999,0.532739,0.488765,-0.499653,-0.477122,1.013313,2
1585226296448767488,91.182745,234.868574,-0.701408,0.532537,0.489880,-0.498569,-0.477336,1.013313,2
1585226296547767808,89.897916,234.894140,-0.694652,0.532488,0.491619,-0.496696,-0.477557,1.013313,2
1585226296646767872,88.648115,234.915068,-0.692711,0.531930,0.493044,-0.494926,-0.478546,1.013313,2
1585226296712768256,87.833592,234.931157,-0.694117,0.531763,0.493785,-0.493920,-0.479007,1.013313,2
1585226296778768384,87.024711,234.949418,-0.698859,0.531714,0.494221,-0.493271,-0.479280,1.013313,2
1585226296844768512,86.131612,234.963229,-0.782566,0.532200,0.494122,-0.493229,-0.478886,1.013313,2
1585226296910768640,85.417675,234.990187,-0.702972,0.531761,0.493885,-0.493449,-0.479392,1.013313,2
1585226297009768960,84.213894,235.024500,-0.698689,0.531464,0.492654,-0.494771,-0.479624,1.013313,2
1585226297075769088,83.414212,235.044629,-0.693604,0.531131,0.491874,-0.495507,-0.480034,1.013313,2
1585226297174769152,82.231536,235.078732,-0.684079,0.531388,0.490862,-0.496349,-0.479916,1.013313,2
1585226297240769536,81.450809,235.099583,-0.675967,0.531269,0.490938,-0.496149,-0.480176,1.013313,2
1585226297306769664,80.679300,235.115636,-0.667777,0.531076,0.491586,-0.495297,-0.480606,1.013313,2
1585226297372769792,79.920920,235.135261,-0.661304,0.531623,0.491765,-0.494969,-0.480157,1.013313,2
1585226297438769920,79.166075,235.154827,-0.659449,0.532394,0.492269,-0.494401,-0.479369,1.013313,2
1585226297504770048,78.249755,235.172496,-0.695625,0.533029,0.492721,-0.493720,-0.478902,1.013313,2
1585226297603770368,77.233102,235.207186,-0.656493,0.532272,0.492090,-0.494319,-0.479774,1.013313,2
1585226297702770432,76.090637,235.238396,-0.654718,0.531461,0.491298,-0.494998,-0.480783,1.013313,2
1585226297801770752,74.955094,235.267184,-0.649878,0.531903,0.492053,-0.494143,-0.480401,1.013313,2
1585226297900771072,73.731876,235.297622,-0.734524,0.533774,0.493369,-0.492602,-0.478555,1.013313,2
1585226297966771200,73.066509,235.314894,-0.648963,0.533209,0.494437,-0.491496,-0.479219,1.013313,2
1585226298032771328,72.321767,235.329564,-0.653168,0.532038,0.494913,-0.490973,-0.480565,1.013313,2
1585226298098771456,71.593237,235.348776,-0.657346,0.531172,0.494180,-0.491657,-0.481576,1.013313,2
1585226298164771584,70.872394,235.367660,-0.660560,0.530144,0.493259,-0.492558,-0.482731,1.013313,2
1585226298230771712,70.151128,235.383592,-0.658494,0.529054,0.493283,-0.492474,-0.483987,1.013313,2
1585226298329772032,69.077684,235.410708,-0.650724,0.529153,0.493185,-0.492300,-0.484155,1.013313,2
1585226298395772160,68.369032,235.434349,-0.644345,0.529926,0.492697,-0.492768,-0.483330,1.013313,2
1585226298494772480,67.315984,235.469883,-0.633869,0.530843,0.492336,-0.493077,-0.482375,1.013313,2
1585226298593772800,66.274379,235.505240,-0.628187,0.531437,0.491752,-0.493534,-0.481850,1.013313,2
1585226298659772928,65.580677,235.528323,-0.628409,0.532055,0.491805,-0.493466,-0.481183,1.013313,2
1585226298758772992,64.563328,235.562413,-0.627417,0.533069,0.492079,-0.493157,-0.480095,1.013313,2
1585226298824773120,63.895830,235.584309,-0.627467,0.533555,0.492213,-0.492984,-0.479596,1.013313,2
1585226298923773440,62.901965,235.616540,-0.627902,0.533608,0.491570,-0.493490,-0.479676,1.013313,2
1585226299022773760,61.910335,235.654782,-0.646419,0.532992,0.490671,-0.494337,-0.480408,1.013313,2
1585226299121773824,60.949665,235.678795,-0.627522,0.532608,0.489953,-0.494995,-0.480889,1.013313,2
1585226299220774144,59.960409,235.713575,-0.627578,0.533334,0.489973,-0.494960,-0.480099,1.013313,2
1585226299286774272,59.300396,235.734996,-0.699187,0.534422,0.490114,-0.494792,-0.478917,1.013313,2
1585226299385774592,58.359133,235.764845,-0.619770,0.534612,0.491046,-0.493760,-0.478816,1.013313,2
1585226299484774656,57.422368,235.790119,-0.619323,0.534134,0.491398,-0.493274,-0.479488,1.013313,2
1585226299550775040,56.806863,235.806612,-0.621402,0.533803,0.491596,-0.493089,-0.479844,1.013313,2
1585226299616775168,56.189457,235.823474,-0.625541,0.533713,0.492154,-0.492564,-0.479912,1.013313,2
1585226299682775296,55.576427,235.839041,-0.629036,0.533868,0.493102,-0.491553,-0.479803,1.013313,2
1585226299748775424,54.971152,235.853469,-0.631240,0.533996,0.494235,-0.490346,-0.479729,1.013313,2
1585226299814775552,54.366846,235.867406,-0.632454,0.534024,0.495473,-0.489097,-0.479697,1.013313,2
1585226299913775872,53.469320,235.890561,-0.633003,0.533005,0.495822,-0.488783,-0.480788,1.013313,2
1585226300012775936,52.572883,235.913083,-0.638363,0.531284,0.494622,-0.490022,-0.482665,1.013313,2
1585226300111776256,51.651193,235.940778,-0.694857,0.530390,0.492240,-0.492492,-0.483567,1.013313,2
1585226300210776576,50.805425,235.969948,-0.635807,0.529578,0.490833,-0.493786,-0.484567,1.013313,2
1585226300309776640,49.927839,235.997907,-0.631068,0.529538,0.490431,-0.494302,-0.484493,1.013313,2
1585226300408776960,49.058738,236.025563,-0.626674,0.529424,0.490370,-0.494617,-0.484356,1.013313,2
1585226300507777280,48.106761,236.058099,-0.698391,0.530723,0.490411,-0.494856,-0.482647,1.013313,2
1585226300606777344,47.324175,236.083193,-0.620315,0.531011,0.490586,-0.494604,-0.482410,1.013313,2
1585226300705777664,46.458893,236.108850,-0.617740,0.531382,0.491222,-0.493915,-0.482060,1.013313,2
1585226300804777984,45.597595,236.130485,-0.614881,0.530754,0.491186,-0.493890,-0.482814,1.013313,2
1585226300903778048,44.739106,236.152884,-0.613092,0.529548,0.491115,-0.494141,-0.483952,1.013313,2
1585226301002778368,43.885443,236.174909,-0.610520,0.528860,0.491270,-0.494137,-0.484552,1.013313,2
1585226301101778688,43.044035,236.197273,-0.605134,0.528574,0.491957,-0.493644,-0.484669,1.013313,2
1585226301200779008,42.208042,236.216670,-0.597150,0.529156,0.492724,-0.492866,-0.484045,1.013313,2
1585226301299779072,41.286028,236.250081,-0.652241,0.529849,0.492460,-0.492959,-0.483461,1.013313,2
1585226301398779392,40.541517,236.268352,-0.592731,0.529349,0.492205,-0.492937,-0.484291,1.013313,2
1585226301497779456,39.702068,236.295494,-0.594575,0.529038,0.491298,-0.493554,-0.484923,1.013313,2
1585226301596779776,38.865213,236.326703,-0.592516,0.529416,0.490243,-0.494435,-0.484680,1.013313,2
1585226301695780096,38.035221,236.359987,-0.586355,0.530615,0.489319,-0.495229,-0.483490,1.013313,2
1585226301794780160,37.202351,236.393184,-0.581430,0.531768,0.488795,-0.495461,-0.482515,1.013313,2
1585226301893780480,36.380004,236.422820,-0.578572,0.532475,0.488633,-0.495250,-0.482115,1.013313,2
1585226301992780800,35.460870,236.453477,-0.646525,0.532560,0.488656,-0.495011,-0.482244,1.013313,2
1585226302124781056,34.470624,236.486301,-0.575972,0.531680,0.488607,-0.494951,-0.483325,1.013313,2
1585226302223781376,33.650507,236.518220,-0.574701,0.532145,0.487918,-0.495518,-0.482927,1.013313,2
1585226302322781440,32.832471,236.550886,-0.571278,0.532957,0.487739,-0.495325,-0.482412,1.013313,2
1585226302421781760,32.016479,236.580456,-0.567491,0.533631,0.487815,-0.494684,-0.482247,1.013313,2
1585226302520782080,31.198084,236.610075,-0.564968,0.534034,0.487767,-0.494439,-0.482101,1.013313,2
1585226302619782144,30.393518,236.641899,-0.563915,0.534107,0.487049,-0.495030,-0.482139,1.013313,2
1585226302718782464,29.514835,236.674527,-0.620611,0.534936,0.486117,-0.495674,-0.481499,1.013313,2
1585226302817782784,28.776894,236.706782,-0.556747,0.534688,0.485911,-0.495625,-0.482032,1.013313,2
1585226302916782848,27.973392,236.735746,-0.551257,0.534720,0.486212,-0.494976,-0.482359,1.013313,2
1585226303015783168,27.178021,236.764389,-0.547449,0.534777,0.486316,-0.494570,-0.482608,1.013313,2
1585226303114783488,26.377164,236.795878,-0.547114,0.534999,0.486417,-0.494291,-0.482545,1.013313,2
1585226303213783552,25.580226,236.829153,-0.545534,0.535466,0.486425,-0.493972,-0.482347,1.013313,2
1585226303345784064,24.523152,236.872088,-0.542909,0.535843,0.486828,-0.493146,-0.482367,1.013313,2
1585226303477784320,23.475714,236.915951,-0.542955,0.536295,0.486906,-0.492732,-0.482210,1.013313,2
1585226303609784576,22.444366,236.959771,-0.544587,0.537110,0.487395,-0.491938,-0.481618,1.013313,2
1585226303708784896,21.686787,236.988697,-0.543934,0.537353,0.487861,-0.491208,-0.481621,1.013313,2
1585226303807785216,20.943214,237.017408,-0.544607,0.537260,0.487596,-0.491155,-0.482046,1.013313,2
1585226303906785280,20.204709,237.046246,-0.545441,0.536250,0.487066,-0.491468,-0.483386,1.013313,2
1585226304005785600,19.464857,237.076293,-0.546077,0.534968,0.486085,-0.492263,-0.484983,1.013313,2
1585226304104785920,18.734256,237.103950,-0.546076,0.534111,0.485880,-0.492167,-0.486227,1.013313,2
1585226304203785984,17.994759,237.133700,-0.544647,0.534293,0.486378,-0.491470,-0.486235,1.013313,2
1585226304302786304,17.263101,237.167644,-0.544036,0.535554,0.487321,-0.490343,-0.485041,1.013313,2
1585226304401786624,16.517081,237.192667,-0.631878,0.538243,0.487034,-0.490486,-0.482199,1.013313,2
1585226304533786880,15.555857,237.250789,-0.550633,0.538534,0.487756,-0.489002,-0.482651,1.013313,2
1585226304665787136,14.611065,237.286993,-0.562491,0.537531,0.488340,-0.487987,-0.484203,1.013313,2
1585226304764787456,13.886724,237.324468,-0.626654,0.538707,0.486904,-0.489383,-0.482933,1.013313,2
1585226304896787712,12.974834,237.375035,-0.567920,0.538482,0.486624,-0.489504,-0.483343,1.013313,2
1585226305028787968,12.056633,237.408229,-0.568258,0.536270,0.487280,-0.488109,-0.486542,1.013313,2
1585226305160788224,11.144957,237.447904,-0.571664,0.535806,0.486994,-0.488061,-0.487385,1.013313,2
1585226305292788736,10.240229,237.501262,-0.575579,0.536844,0.486958,-0.488255,-0.486084,1.013313,2
1585226305424788992,9.370319,237.538903,-0.570343,0.538207,0.488900,-0.485079,-0.485808,1.013313,2
1585226305556789248,8.547533,237.573743,-0.568197,0.537458,0.489954,-0.483820,-0.486828,1.013313,2
1585226305721789696,7.587365,237.636101,-0.572838,0.538962,0.487210,-0.486196,-0.485551,1.013313,2
1585226305886790144,6.700238,237.693992,-0.568279,0.541260,0.486007,-0.486453,-0.483941,1.013313,2
1585226306051790336,5.893898,237.712078,-0.622138,0.541604,0.486380,-0.485492,-0.484145,1.013313,2
1585226306216790784,5.142148,237.788590,-0.568006,0.542591,0.483851,-0.487930,-0.483123,1.013313,2
1585226306414791424,4.351065,237.838047,-0.565361,0.541596,0.483538,-0.488458,-0.484018,1.013313,2
1585226306645792000,3.553529,237.834486,-0.604222,0.537549,0.486537,-0.485755,-0.488226,1.013313,2
1585226306909792512,2.705306,237.932857,-0.551012,0.538853,0.481232,-0.491791,-0.485999,1.013313,2
1585226307206793216,1.926727,237.948692,-0.536960,0.534823,0.483562,-0.489299,-0.490631,1.013313,2
1585226307470793728,1.344299,237.967073,-0.531883,0.532230,0.484594,-0.489292,-0.492435,1.013313,2
1585226307899794944,0.614113,237.994832,-0.522571,0.529329,0.485342,-0.491192,-0.492935,1.013313,2
1585226308295795712,0.105890,237.998360,-0.516926,0.525173,0.487765,-0.493176,-0.493007,1.013313,2
1585226308691796736,-0.356417,237.990635,-0.510927,0.520290,0.491732,-0.496233,-0.491172,1.013313,2
1585226309021797632,-0.808009,237.974432,-0.511191,0.512606,0.494530,-0.503367,-0.489180,1.013313,2
1585226309285798144,-1.353709,237.929734,-0.537463,-0.507002,-0.502170,0.507673,0.482744,1.013313,2
1585226309582798848,-1.932766,237.863823,-0.497745,0.496173,0.515835,-0.515690,-0.470947,1.013313,2
1585226309780799232,-2.435794,237.777918,-0.492564,0.485090,0.526946,-0.524483,-0.460362,1.013313,2
1585226310011799808,-3.098778,237.620851,-0.482243,0.469105,0.543861,-0.536178,-0.443473,1.013313,2
1585226310209800448,-3.717551,237.431810,-0.475110,0.451829,0.560808,-0.548347,-0.425042,1.013313,2
1585226310374800640,-4.268342,237.232157,-0.474144,0.436458,0.573812,-0.561779,-0.405770,1.013313,2
1585226310539801088,-4.835853,236.965690,-0.482116,0.415968,0.589443,-0.574609,-0.386461,1.013313,2
1585226310671801344,-5.347860,236.701629,-0.525718,0.397508,0.601934,-0.585554,-0.369851,1.013313,2
1585226310803801856,-5.795703,236.413915,-0.492306,0.380183,0.613440,-0.597209,-0.349992,1.013313,2
1585226310935802112,-6.284364,236.083895,-0.503951,0.361941,0.625753,-0.607633,-0.328960,1.013313,2
1585226311067802368,-6.744485,235.705908,-0.507138,0.340606,0.637804,-0.618148,-0.308361,1.013313,2
1585226311199802624,-7.207106,235.276054,-0.512649,0.319304,0.649508,-0.627518,-0.287065,1.013313,2
1585226311331803136,-7.659543,234.808434,-0.537563,0.298412,0.657864,-0.638503,-0.265478,1.013313,2
1585226311463803392,-8.112808,234.288042,-0.517549,0.278010,0.666076,-0.648783,-0.241109,1.013313,2
1585226311595803648,-8.538473,233.712830,-0.520285,0.256279,0.676744,-0.654342,-0.219487,1.013313,2
1585226311694803968,-8.834630,233.256636,-0.564279,0.240013,0.683123,-0.658924,-0.203853,1.013313,2
1585226311793804032,-9.125254,232.773695,-0.538963,0.224005,0.687270,-0.664879,-0.188192,1.013313,2
1585226311892804352,-9.397148,232.273789,-0.547327,0.206599,0.691053,-0.670482,-0.173833,1.013313,2
1585226312024804608,-9.750559,231.569946,-0.553965,0.186816,0.696323,-0.676005,-0.152485,1.013313,2
1585226312156804864,-10.062428,230.810203,-0.547768,0.166690,0.701383,-0.680176,-0.132803,1.013313,2
1585226312288805376,-10.351844,230.009959,-0.552280,0.147285,0.705160,-0.684499,-0.111881,1.013313,2
1585226312420805632,-10.590032,229.170567,-0.530099,0.125740,0.711121,-0.685127,-0.095381,1.013313,2
1585226312552805888,-10.803634,228.300160,-0.530369,0.105613,0.714926,-0.686590,-0.079505,1.013313,2
1585226312684806144,-10.976514,227.405098,-0.536863,0.088189,0.715862,-0.689759,-0.063220,1.013313,2
1585226312816806656,-11.128014,226.498182,-0.557276,0.074129,0.717212,-0.691231,-0.048091,1.013313,2
1585226312948806912,-11.234851,225.543325,-0.556667,0.061505,0.718945,-0.691301,-0.037921,1.013313,2
1585226313080807168,-11.333145,224.568524,-0.569985,0.051543,0.720468,-0.690875,-0.030998,1.013313,2
1585226313245807616,-11.451270,223.312565,-0.586969,0.044562,0.721689,-0.690435,-0.021894,1.013313,2
1585226313410808064,-11.554098,222.019982,-0.609550,0.039965,0.722531,-0.690051,-0.013458,1.013313,2
1585226313575808256,-11.639222,220.689452,-0.600014,0.035264,0.722695,-0.690225,-0.007621,1.013313,2
1585226313740808704,-11.703907,219.327200,-0.609686,0.029454,0.721264,-0.692018,-0.004563,1.013313,2
1585226313872808960,-11.759974,218.207651,-0.617308,0.025550,0.720344,-0.693142,-0.002366,1.013313,2
1585226314037809408,-11.799855,216.781946,-0.605999,0.022588,0.720004,-0.693603,0.000288,1.013313,2
1585226314202809856,-11.829380,215.313165,-0.582937,0.020231,0.719426,-0.694274,0.001081,1.013313,2
1585226314334810112,-11.859205,214.126245,-0.574793,0.019088,0.718684,-0.695073,0.001537,1.013313,2
1585226314466810368,-11.878374,212.911764,-0.566515,0.018135,0.719358,-0.694401,0.001456,1.013313,2
1585226314598810880,-11.908423,211.677727,-0.566765,0.017495,0.720372,-0.693366,0.001413,1.013313,2
1585226314697810944,-11.938471,210.736071,-0.568481,0.017075,0.720273,-0.693479,0.001292,1.013313,2
1585226314829811456,-11.950090,209.465702,-0.551185,0.016966,0.720122,-0.693640,0.001066,1.013313,2
1585226314928811520,-11.970526,208.501586,-0.552008,0.017339,0.719977,-0.693780,0.000704,1.013313,2
1585226315027811840,-11.999476,207.525215,-0.552559,0.017627,0.719958,-0.693794,0.000322,1.013313,2
1585226315159812096,-12.040259,206.205236,-0.549695,0.018331,0.720258,-0.693464,0.000303,1.013313,2
1585226315324812544,-12.086631,204.528943,-0.554155,0.019055,0.720540,-0.693151,0.000323,1.013313,2
1585226315489812992,-12.143709,202.835160,-0.561875,0.018997,0.720943,-0.692734,-0.000815,1.013313,2
1585226315621813248,-12.177713,201.466649,-0.546809,0.019518,0.720800,-0.692867,-0.000998,1.013313,2
1585226315753813504,-12.213783,200.091487,-0.535394,0.019798,0.720459,-0.693213,-0.001502,1.013313,2
1585226315885813760,-12.253264,198.704225,-0.532817,0.020549,0.720444,-0.693207,-0.001521,1.013313,2
1585226316017814272,-12.301404,197.308302,-0.520933,0.021375,0.720434,-0.693193,-0.001528,1.013313,2
1585226316149814528,-12.349455,195.901234,-0.507830,0.022367,0.720206,-0.693398,-0.001353,1.013313,2
1585226316281814784,-12.404155,194.488646,-0.504267,0.022989,0.719639,-0.693965,-0.001816,1.013313,2
1585226316413815040,-12.461884,193.067363,-0.499330,0.024202,0.719217,-0.694360,-0.002288,1.013313,2
1585226316545815296,-12.515740,191.633736,-0.484548,0.025291,0.719355,-0.694173,-0.003479,1.013313,2
1585226316677815808,-12.581239,190.197021,-0.510062,0.027195,0.719838,-0.693595,-0.004367,1.013313,2
1585226316809816064,-12.658598,188.752467,-0.467632,0.028639,0.720956,-0.692356,-0.006826,1.013313,2
1585226316908816384,-12.715337,187.672690,-0.462625,0.029884,0.721265,-0.691965,-0.008275,1.013313,2
1585226317040816640,-12.800614,186.245983,-0.454132,0.031542,0.721255,-0.691872,-0.010430,1.013313,2
1585226317139816704,-12.870888,185.176120,-0.451751,0.033141,0.721270,-0.691763,-0.011634,1.013313,2
1585226317238817024,-12.945281,184.106216,-0.443787,0.035053,0.721743,-0.691159,-0.012571,1.013313,2
1585226317337817344,-13.022745,183.046163,-0.473357,0.036876,0.721845,-0.690937,-0.013610,1.013313,2
1585226317469817600,-13.126426,181.633452,-0.433130,0.038408,0.720766,-0.691919,-0.016426,1.013313,2
1585226317601817856,-13.240684,180.240196,-0.427504,0.040009,0.719735,-0.692835,-0.018976,1.013313,2
1585226317733818112,-13.362382,178.856626,-0.415486,0.041599,0.720393,-0.691978,-0.021687,1.013313,2
1585226317865818624,-13.488982,177.483571,-0.390273,0.043517,0.721605,-0.690523,-0.023907,1.013313,2
1585226317997818880,-13.624601,176.137672,-0.369901,0.045654,0.721900,-0.690009,-0.025777,1.013313,2
1585226318129819136,-13.769452,174.822162,-0.395247,0.048712,0.721345,-0.690355,-0.026408,1.013313,2
1585226318294819584,-13.953906,173.193883,-0.366832,0.050751,0.721026,-0.690457,-0.028560,1.013313,2
1585226318426819840,-14.107069,171.917799,-0.370270,0.052184,0.720873,-0.690456,-0.029841,1.013313,2
1585226318558820352,-14.260430,170.664158,-0.359080,0.053471,0.720963,-0.690210,-0.031033,1.013313,2
1585226318690820608,-14.411735,169.435522,-0.347342,0.054504,0.721194,-0.689832,-0.032251,1.013313,2
1585226318855821056,-14.598013,167.940467,-0.335212,0.055873,0.721083,-0.689785,-0.033381,1.013313,2
1585226319020821248,-14.792080,166.492240,-0.325255,0.057318,0.721248,-0.689460,-0.034056,1.013313,2
1585226319185821696,-14.976639,165.089028,-0.316182,0.058225,0.721447,-0.689163,-0.034326,1.013313,2
1585226319350822144,-15.154131,163.741207,-0.305409,0.058328,0.721008,-0.689617,-0.034252,1.013313,2
1585226319515822592,-15.321512,162.446984,-0.291017,0.057458,0.720641,-0.690119,-0.033333,1.013313,2
1585226319680823040,-15.475152,161.215227,-0.305420,0.056137,0.720631,-0.690341,-0.031130,1.013313,2
1585226319812823296,-15.579791,160.256308,-0.256894,0.053813,0.721241,-0.689982,-0.029005,1.013313,2
1585226319977823744,-15.701091,159.120515,-0.250174,0.050361,0.721632,-0.690034,-0.023776,1.013313,2
1585226320175824128,-15.812621,157.817688,-0.257861,0.043426,0.721484,-0.690918,-0.014357,1.013313,2
1585226320340824576,-15.866807,156.762861,-0.251341,0.034613,0.720244,-0.692847,-0.003778,1.013313,2
1585226320472824832,-15.876847,155.932263,-0.246747,0.025686,0.718907,-0.694605,0.006147,1.013313,2
1585226320637825280,-15.861907,154.900469,-0.232798,0.012431,0.718704,-0.694904,0.020433,1.013313,2
1585226320769825536,-15.807670,154.080464,-0.212832,-0.000910,0.719257,-0.693966,0.032873,1.013313,2
1585226320967825920,-15.651766,152.874734,-0.214118,-0.024195,0.718934,-0.692543,0.054150,1.013313,2
1585226321165826560,-15.425384,151.694430,-0.173303,-0.049573,0.715946,-0.691885,0.079117,1.013313,2
1585226321330826752,-15.152952,150.729575,-0.158313,-0.072659,0.712151,-0.691254,0.098642,1.013313,2
1585226321495827200,-14.826514,149.769575,-0.145902,-0.094716,0.710137,-0.687437,0.119012,1.013313,2
1585226321660827648,-14.461582,148.841487,-0.110375,-0.115263,0.707659,-0.682866,0.140100,1.013313,2
1585226321825828096,-14.034650,147.936225,-0.099985,-0.135621,0.703943,-0.678484,0.160409,1.013313,2
1585226321990828544,-13.560240,147.061835,-0.092405,-0.156396,0.699006,-0.674921,0.177234,1.013313,2
1585226322155828736,-13.033855,146.205508,-0.078222,-0.174516,0.694867,-0.670760,0.191796,1.013313,2
1585226322320829184,-12.483508,145.371253,-0.043975,-0.188098,0.690019,-0.668802,0.202969,1.013313,2
1585226322485829632,-11.914689,144.541641,-0.015091,-0.197252,0.687285,-0.666999,0.209389,1.013313,2
1585226322650830080,-11.340956,143.720065,-0.008287,-0.205626,0.686110,-0.664594,0.212804,1.013313,2
1585226322815830272,-10.756381,142.894898,0.020277,-0.210297,0.687507,-0.660042,0.217837,1.013313,2
1585226322980830720,-10.166716,142.077216,0.039295,-0.214661,0.686868,-0.658313,0.220811,1.013313,2
1585226323145831168,-9.549694,141.290976,0.048106,-0.221958,0.684386,-0.659513,0.217700,1.013313,2
1585226323277831424,-9.049173,140.650726,0.043019,-0.227411,0.684762,-0.658051,0.215301,1.013313,2
1585226323409831680,-8.551157,139.984102,0.039957,-0.229355,0.688888,-0.652979,0.215518,1.013313,2
1585226323541832192,-8.076574,139.307532,0.039863,-0.227528,0.694129,-0.647490,0.217193,1.013313,2
1585226323673832448,-7.604031,138.642143,0.029157,-0.223849,0.695304,-0.647914,0.215988,1.013313,2
1585226323772832512,-7.241711,138.153713,0.024708,-0.222707,0.692077,-0.653743,0.209883,1.013313,2
1585226323904833024,-6.761594,137.517562,0.000492,-0.218780,0.689289,-0.661369,0.199018,1.013313,2
1585226324003833088,-6.424687,136.993577,-0.006675,-0.210439,0.691141,-0.663806,0.193393,1.013313,2
1585226324102833408,-6.138041,136.433806,-0.018412,-0.197952,0.696302,-0.663443,0.189267,1.013313,2
1585226324201833728,-5.863295,135.866531,-0.013028,-0.185354,0.702874,-0.662518,0.180783,1.013313,2
1585226324300833792,-5.575944,135.293709,-0.009415,-0.174191,0.707521,-0.663907,0.168224,1.013313,2
1585226324399834112,-5.290715,134.677770,-0.014396,-0.164639,0.710060,-0.667221,0.153377,1.013313,2
1585226324498834432,-5.058036,134.153426,-0.031288,-0.153030,0.711421,-0.671317,0.140696,1.013313,2
1585226324597834496,-4.830695,133.548157,-0.041407,-0.139502,0.713064,-0.674688,0.129907,1.013313,2
1585226324696834816,-4.640565,132.927614,-0.052968,-0.125716,0.714969,-0.677298,0.119512,1.013313,2
1585226324795835136,-4.474798,132.299798,-0.065658,-0.111997,0.716731,-0.679700,0.108454,1.013313,2
1585226324894835200,-4.315209,131.654094,-0.071039,-0.099269,0.717966,-0.682147,0.096672,1.013313,2
1585226324993835520,-4.177356,131.005944,-0.080083,-0.087089,0.718377,-0.684917,0.085073,1.013313,2
1585226325092835840,-4.044120,130.322156,-0.085551,-0.075158,0.718614,-0.687392,0.073743,1.013313,2
1585226325191835904,-3.930289,129.650266,-0.091116,-0.063388,0.719147,-0.689047,0.063435,1.013313,2
1585226325290836224,-3.834528,128.945300,-0.091222,-0.052274,0.720187,-0.689710,0.053840,1.013313,2
1585226325389836544,-3.756621,128.230571,-0.090064,-0.041882,0.721104,-0.690099,0.044921,1.013313,2
1585226325521836800,-3.685961,127.256191,-0.079212,-0.029522,0.721990,-0.690423,0.034286,1.013313,2
1585226325653837056,-3.638739,126.289962,-0.094299,-0.018514,0.722784,-0.690314,0.026588,1.013313,2
1585226325752837376,-3.613221,125.542165,-0.093533,-0.011960,0.723031,-0.690375,0.021584,1.013313,2
1585226325851837440,-3.595891,124.788424,-0.093043,-0.006603,0.723161,-0.690421,0.017689,1.013313,2
1585226325950837760,-3.583425,124.028707,-0.093704,-0.002554,0.723202,-0.690472,0.014824,1.013313,2
1585226326049838080,-3.575289,123.260646,-0.095846,0.000506,0.723172,-0.690550,0.012750,1.013313,2
1585226326148838144,-3.568868,122.479491,-0.084521,0.002687,0.723033,-0.690719,0.011114,1.013313,2
1585226326247838464,-3.564494,121.688650,-0.088519,0.004297,0.722968,-0.690795,0.010017,1.013313,2
1585226326346838784,-3.557585,120.891778,-0.089944,0.005150,0.723266,-0.690486,0.009414,1.013313,2
1585226326445839104,-3.557250,120.087723,-0.097329,0.005630,0.723528,-0.690208,0.009445,1.013313,2
1585226326544839168,-3.557828,119.274975,-0.097992,0.005885,0.723731,-0.689986,0.009887,1.013313,2
1585226326676839680,-3.557019,118.173186,-0.082388,0.005710,0.723397,-0.690325,0.010752,1.013313,2
1585226326808839936,-3.545149,117.070064,-0.102715,0.004654,0.723095,-0.690643,0.011176,1.013313,2
1585226326940840192,-3.537950,115.938229,-0.098819,0.003662,0.723390,-0.690323,0.012158,1.013313,2
1585226327072840448,-3.522653,114.802221,-0.101120,0.002910,0.723680,-0.690006,0.013073,1.013313,2
1585226327171840768,-3.508742,113.937178,-0.090193,0.002069,0.723651,-0.690031,0.013529,1.013313,2
1585226327303841024,-3.481075,112.781761,-0.088215,0.001129,0.723935,-0.689727,0.013922,1.013313,2
1585226327435841280,-3.453999,111.603772,-0.097453,0.000640,0.724135,-0.689502,0.014678,1.013313,2
1585226327534841600,-3.435788,110.716397,-0.093570,0.000153,0.724428,-0.689187,0.014985,1.013313,2
1585226327633841920,-3.420521,109.818820,-0.083393,0.000011,0.724282,-0.689321,0.015867,1.013313,2
1585226327732841984,-3.401794,108.920777,-0.097522,-0.000106,0.724368,-0.689216,0.016505,1.013313,2
1585226327831842304,-3.376067,108.010781,-0.091047,0.000118,0.724263,-0.689298,0.017642,1.013313,2
1585226327930842624,-3.349619,107.096035,-0.087552,-0.000324,0.724348,-0.689197,0.018097,1.013313,2
1585226327996842752,-3.330332,106.484884,-0.086754,-0.000915,0.723875,-0.689694,0.018068,1.013313,2
1585226328062842880,-3.310075,105.866377,-0.081883,-0.001151,0.723581,-0.689995,0.018336,1.013313,2
1585226328128843008,-3.290294,105.246399,-0.082092,-0.000888,0.723613,-0.689940,0.019122,1.013313,2
1585226328194843136,-3.275778,104.625781,-0.089838,-0.001340,0.723395,-0.690162,0.019366,1.013313,2
1585226328260843264,-3.254437,104.002201,-0.089496,-0.001983,0.723625,-0.689921,0.019264,1.013313,2
1585226328326843392,-3.234689,103.375340,-0.091435,-0.002257,0.723838,-0.689692,0.019446,1.013313,2
1585226328392843520,-3.217793,102.741439,-0.094171,-0.002494,0.724034,-0.689478,0.019692,1.013313,2
1585226328458843904,-3.189707,102.112905,-0.080016,-0.002820,0.724086,-0.689417,0.019884,1.013313,2
1585226328557843968,-3.167536,101.161844,-0.100527,-0.002801,0.724535,-0.688925,0.020554,1.013313,2
1585226328656844288,-3.138533,100.204814,-0.117182,-0.003130,0.724800,-0.688640,0.020722,1.013313,2
1585226328755844608,-3.107970,99.243713,-0.127558,-0.003309,0.724663,-0.688774,0.021058,1.013313,2
1585226328854844672,-3.085018,98.278885,-0.148784,-0.003526,0.724360,-0.689080,0.021417,1.013313,2
1585226328920844800,-3.069987,97.633198,-0.163378,-0.003914,0.724099,-0.689353,0.021421,1.013313,2
1585226328986844928,-3.045162,96.977857,-0.166718,-0.003992,0.724138,-0.689304,0.021635,1.013313,2
1585226329085845248,-3.026317,96.009979,-0.195489,-0.004051,0.724220,-0.689201,0.022147,1.013313,2
1585226329184845568,-2.980120,95.023480,-0.198722,-0.004347,0.724371,-0.689037,0.022265,1.013313,2
1585226329283845632,-2.918929,94.029833,-0.188428,-0.004417,0.723768,-0.689659,0.022595,1.013313,2
1585226329382845952,-2.872702,93.036394,-0.187707,-0.004651,0.723143,-0.690307,0.022781,1.013313,2
1585226329481846272,-2.822619,92.037087,-0.184207,-0.004509,0.723048,-0.690393,0.023213,1.013313,2
1585226329547846400,-2.784106,91.361139,-0.175132,-0.004552,0.723567,-0.689847,0.023265,1.013313,2
1585226329646846720,-2.743215,90.349133,-0.162415,-0.004877,0.724731,-0.688628,0.023092,1.013313,2
1585226329745846784,-2.707820,89.333887,-0.151299,-0.004951,0.725569,-0.687744,0.023107,1.013313,2
1585226329844847104,-2.666895,88.316051,-0.151195,-0.005197,0.725620,-0.687697,0.022831,1.013313,2
1585226329943847424,-2.631741,87.297158,-0.162693,-0.005363,0.724991,-0.688372,0.022444,1.013313,2
1585226330042847488,-2.584324,86.264251,-0.150039,-0.005430,0.724073,-0.689345,0.022174,1.013313,2
1585226330108847616,-2.558579,85.576643,-0.149304,-0.005601,0.723664,-0.689778,0.022033,1.013313,2
1585226330174847744,-2.534546,84.895779,-0.155575,-0.005510,0.723610,-0.689833,0.022106,1.013313,2
1585226330273848064,-2.508058,83.865432,-0.162701,-0.005326,0.723998,-0.689427,0.022128,1.013313,2
1585226330372848384,-2.453265,82.818264,-0.153030,-0.004914,0.724399,-0.688999,0.022412,1.013313,2
1585226330471848448,-2.404036,81.772004,-0.146450,-0.004556,0.724592,-0.688791,0.022657,1.013313,2
1585226330570848768,-2.377219,80.731841,-0.162846,-0.004062,0.724307,-0.689080,0.023068,1.013313,2
1585226330669849088,-2.334021,79.666328,-0.166791,-0.003659,0.724324,-0.689055,0.023323,1.013313,2
1585226330768849152,-2.283830,78.622301,-0.152072,-0.003652,0.724574,-0.688796,0.023226,1.013313,2
1585226330867849472,-2.248107,77.566287,-0.158767,-0.003876,0.724935,-0.688426,0.022892,1.013313,2
1585226330966849792,-2.225895,76.510361,-0.182837,-0.003519,0.725646,-0.687674,0.023012,1.013313,2
1585226331065850112,-2.219308,75.442941,-0.238127,-0.003974,0.726353,-0.686934,0.022736,1.013313,2
1585226331164850176,-2.182044,74.390198,-0.238664,-0.004649,0.726386,-0.686920,0.021949,1.013313,2
1585226331263850496,-2.143855,73.332526,-0.262002,-0.004860,0.726073,-0.687254,0.021825,1.013313,2
1585226331329850624,-2.114682,72.626688,-0.266946,-0.004666,0.725602,-0.687749,0.021949,1.013313,2
1585226331395850752,-2.080055,71.918094,-0.257021,-0.004327,0.725322,-0.688037,0.022225,1.013313,2
1585226331461850880,-2.046210,71.207746,-0.254093,-0.004155,0.725477,-0.687870,0.022379,1.013313,2
1585226331527851008,-2.021524,70.503386,-0.251309,-0.004123,0.725534,-0.687809,0.022400,1.013313,2
1585226331626851328,-1.997539,69.451797,-0.256083,-0.003837,0.725897,-0.687419,0.022672,1.013313,2
1585226331725851648,-1.947487,68.399795,-0.253260,-0.003819,0.725898,-0.687416,0.022736,1.013313,2
1585226331824851712,-1.907725,67.350655,-0.251520,-0.004026,0.725899,-0.687426,0.022362,1.013313,2
1585226331923852032,-1.868106,66.307132,-0.250813,-0.004377,0.725709,-0.687643,0.021772,1.013313,2
1585226332022852352,-1.836263,65.269211,-0.252942,-0.004451,0.725716,-0.687642,0.021565,1.013313,2
1585226332121852416,-1.798727,64.223298,-0.280036,-0.004274,0.725606,-0.687756,0.021648,1.013313,2
1585226332220852736,-1.762823,63.190083,-0.261718,-0.004173,0.725410,-0.687970,0.021426,1.013313,2
1585226332319853056,-1.728335,62.154262,-0.266561,-0.003914,0.725173,-0.688220,0.021474,1.013313,2
1585226332418853120,-1.697124,61.123975,-0.277313,-0.003629,0.724872,-0.688531,0.021738,1.013313,2
1585226332517853440,-1.664863,60.094625,-0.285246,-0.003090,0.724915,-0.688477,0.022074,1.013313,2
1585226332616853760,-1.628102,59.066281,-0.282142,-0.002653,0.725249,-0.688130,0.021990,1.013313,2
1585226332715853824,-1.591350,58.041101,-0.279178,-0.002513,0.725527,-0.687868,0.021012,1.013313,2
1585226332814854144,-1.561247,57.021815,-0.276920,-0.001591,0.725403,-0.688025,0.020226,1.013313,2
1585226332913854464,-1.527403,55.998591,-0.297098,-0.000427,0.725378,-0.688073,0.019521,1.013313,2
1585226333012854528,-1.507547,54.983714,-0.282212,0.000585,0.725489,-0.687988,0.018386,1.013313,2
1585226333111854848,-1.489748,53.966400,-0.285873,0.002082,0.726115,-0.687335,0.017970,1.013313,2
1585226333210855168,-1.461223,52.948979,-0.285849,0.002715,0.726155,-0.687319,0.016825,1.013313,2
1585226333309855232,-1.419284,51.932129,-0.277948,0.002753,0.726003,-0.687514,0.015360,1.013313,2
1585226333375855360,-1.409314,51.257616,-0.282476,0.003568,0.725539,-0.688001,0.015341,1.013313,2
1585226333441855744,-1.391127,50.588845,-0.282214,0.003959,0.725250,-0.688309,0.015076,1.013313,2
1585226333540855808,-1.381757,49.582346,-0.282854,0.003946,0.725436,-0.688137,0.013927,1.013313,2
1585226333639856128,-1.378040,48.578514,-0.286500,0.004683,0.725643,-0.687925,0.013395,1.013313,2
1585226333738856448,-1.366336,47.574655,-0.290858,0.005584,0.725237,-0.688336,0.013888,1.013313,2
1585226333837856512,-1.358779,46.577223,-0.299247,0.006504,0.724425,-0.689163,0.014845,1.013313,2
1585226333936856832,-1.369280,45.576035,-0.332773,0.007445,0.723698,-0.689888,0.016164,1.013313,2
1585226334035857152,-1.361787,44.597589,-0.305955,0.007677,0.723582,-0.689991,0.016814,1.013313,2
1585226334134857216,-1.354028,43.604912,-0.308943,0.008131,0.724080,-0.689443,0.017611,1.013313,2
1585226334233857536,-1.342178,42.615534,-0.311452,0.008250,0.724599,-0.688880,0.018250,1.013313,2
1585226334332857856,-1.330833,41.629843,-0.314421,0.008659,0.724969,-0.688460,0.019150,1.013313,2
1585226334431858176,-1.319447,40.651576,-0.317090,0.008472,0.724750,-0.688683,0.019525,1.013313,2
1585226334530858240,-1.300426,39.676784,-0.313757,0.007858,0.724157,-0.689319,0.019336,1.013313,2
1585226334629858560,-1.289037,38.709489,-0.312368,0.008454,0.723899,-0.689556,0.020289,1.013313,2
1585226334728858624,-1.290631,37.739276,-0.340758,0.008576,0.724163,-0.689269,0.020543,1.013313,2
1585226334827858944,-1.277406,36.787796,-0.322637,0.008591,0.724790,-0.688610,0.020523,1.013313,2
1585226334926859264,-1.263928,35.832644,-0.320201,0.008801,0.724609,-0.688778,0.021204,1.013313,2
1585226335025859328,-1.251739,34.892892,-0.319009,0.008732,0.724150,-0.689249,0.021581,1.013313,2
1585226335124859648,-1.234322,33.960289,-0.315519,0.008503,0.723892,-0.689523,0.021592,1.013313,2
1585226335223859968,-1.205792,33.031515,-0.304274,0.007887,0.724104,-0.689324,0.021087,1.013313,2
1585226335322860032,-1.177442,32.111034,-0.298550,0.007172,0.724459,-0.688975,0.020500,1.013313,2
1585226335421860352,-1.164165,31.207861,-0.311765,0.006402,0.723941,-0.689539,0.020106,1.013313,2
1585226335520860672,-1.165746,30.304862,-0.347464,0.005700,0.722846,-0.690700,0.019858,1.013313,2
1585226335619860736,-1.140328,29.414223,-0.339806,0.005101,0.721784,-0.691818,0.019739,1.013313,2
1585226335718861056,-1.122426,28.511476,-0.331315,0.004781,0.721379,-0.692246,0.019617,1.013313,2
1585226335817861376,-1.094989,27.577962,-0.355562,0.004886,0.721515,-0.692098,0.019812,1.013313,2
1585226335916861440,-1.060226,26.696859,-0.286388,0.004312,0.721348,-0.692280,0.019671,1.013313,2
1585226336015861760,-1.044112,25.802476,-0.284654,0.004526,0.720815,-0.692820,0.020139,1.013313,2
1585226336114862080,-1.033852,24.917061,-0.268986,0.004346,0.719538,-0.694139,0.020409,1.013313,2
1585226336213862144,-1.010454,24.037845,-0.253575,0.003994,0.718057,-0.695668,0.020613,1.013313,2
1585226336312862464,-0.976851,23.161734,-0.226416,0.003737,0.717033,-0.696708,0.021146,1.013313,2
1585226336411862784,-0.961402,22.245405,-0.305786,0.004020,0.717098,-0.696610,0.022113,1.013313,2
1585226336510862848,-0.938016,21.414141,-0.184632,0.003078,0.717762,-0.695958,0.021231,1.013313,2
1585226336609863168,-0.907678,20.540151,-0.165166,0.002702,0.718724,-0.694966,0.021249,1.013313,2
1585226336708863488,-0.875768,19.675463,-0.145573,0.002784,0.719747,-0.693884,0.021972,1.013313,2
1585226336807863552,-0.857036,18.828123,-0.129735,0.002796,0.720930,-0.692640,0.022381,1.013313,2
1585226336906863872,-0.817644,17.999998,-0.120829,0.002262,0.721186,-0.692374,0.022450,1.013313,2
1585226337005864192,-0.799645,17.191916,-0.097240,0.001957,0.721294,-0.692276,0.022024,1.013313,2
1585226337104864512,-0.775847,16.412054,-0.086620,0.001678,0.720753,-0.692836,0.022144,1.013313,2
1585226337203864576,-0.748573,15.635322,-0.072511,0.001560,0.720963,-0.692612,0.022329,1.013313,2
1585226337302864896,-0.716907,14.850897,-0.104552,0.001645,0.721326,-0.692230,0.022438,1.013313,2
1585226337401865216,-0.703356,14.148124,-0.043463,0.001437,0.721913,-0.691614,0.022591,1.013313,2
1585226337533865472,-0.668894,13.189099,-0.026362,0.001522,0.721669,-0.691856,0.022937,1.013313,2
1585226337665865728,-0.640481,12.276456,-0.013562,0.001592,0.721779,-0.691731,0.023251,1.013313,2
1585226337797865984,-0.629344,11.370962,-0.099252,0.001569,0.722194,-0.691297,0.023273,1.013313,2
1585226337929866496,-0.589499,10.546020,0.006113,0.001517,0.722657,-0.690832,0.022716,1.013313,2
1585226338061866752,-0.587425,9.736603,0.002308,0.001686,0.722747,-0.690740,0.022630,1.013313,2
1585226338193867008,-0.571383,8.986131,0.006600,0.002277,0.722578,-0.690897,0.023176,1.013313,2
1585226338325867264,-0.554386,8.253619,0.009225,0.002353,0.723171,-0.690286,0.022863,1.013313,2
1585226338457867520,-0.537772,7.560275,0.012164,0.002350,0.723172,-0.690288,0.022790,1.013313,2
1585226338589868032,-0.522925,6.892388,0.012540,0.002445,0.722123,-0.691382,0.022875,1.013313,2
1585226338721868288,-0.513888,6.273972,0.007309,0.002407,0.720951,-0.692604,0.022887,1.013313,2
1585226338853868544,-0.490773,5.573593,0.013272,0.002163,0.720907,-0.692652,0.022836,1.013313,2
1585226338985868800,-0.473412,4.928772,0.016565,0.001892,0.721888,-0.691639,0.022603,1.013313,2
1585226339150869248,-0.459155,4.149631,0.007617,0.001871,0.722618,-0.690875,0.022620,1.013313,2
1585226339315869696,-0.416924,3.429463,0.030457,0.001639,0.722827,-0.690672,0.022174,1.013313,2
1585226339513870080,-0.398962,2.652302,-0.011315,0.001992,0.723233,-0.690221,0.022904,1.013313,2
1585226339744870656,-0.397767,1.855007,0.037056,0.001768,0.722514,-0.690991,0.022408,1.013313,2
1585226339942871040,-0.370862,1.236433,0.007522,0.001705,0.721288,-0.692263,0.022655,1.013313,2
1585226340107871488,-0.359541,0.717457,0.059549,0.001777,0.721448,-0.692096,0.022625,1.013313,2
1585226340305872128,-0.345826,0.169263,0.060676,0.002334,0.721900,-0.691600,0.023308,1.013313,2
1585226340503872512,-0.328299,-0.315800,0.062465,0.002097,0.722068,-0.691436,0.023011,1.013313,2
1585226340701872896,-0.314656,-0.735814,0.063415,0.002078,0.722434,-0.691067,0.022637,1.013313,2
1585226340932873472,-0.306645,-1.132615,0.064134,0.002725,0.722432,-0.691077,0.022281,1.013313,2
1585226341097873920,-0.302895,-1.348900,0.059529,0.003116,0.721951,-0.691580,0.022229,1.013313,2
1585226341262874368,-0.300585,-1.506766,0.053855,0.003581,0.721547,-0.691999,0.022251,1.013313,2
1585226341460874752,-0.297900,-1.631636,0.039190,0.003822,0.720788,-0.692785,0.022335,1.013313,2
1585226341691875328,-0.294580,-1.730842,0.048062,0.004051,0.720341,-0.693265,0.021836,1.013313,2
1585226341790875648,-0.294758,-1.751820,0.041335,0.003916,0.720360,-0.693244,0.021897,1.013313,2
1585226342021876224,-0.295763,-1.760192,0.042274,0.003998,0.720265,-0.693345,0.021797,1.013313,2
